{"CoNaLa": {"avg_candidate_rank": 6.01, "avg_best_candidate_rank": 4.47945205479452, "recall": {"@5": 0.704, "@10": 0.832, "@15": 0.892, "@20": 0.928, "@25": 0.946, "@30": 0.962, "@35": 0.966, "@40": 0.978, "@45": 0.982, "@50": 0.986}, "mrr": 0.5803336946401623, "ndcg": 0.684253308469807}, "External Knowledge": {"avg_candidate_rank": 8.310096153846153, "avg_best_candidate_rank": 7.126027397260274, "recall": {"@5": 0.7740384615384616, "@10": 0.8581730769230769, "@15": 0.9014423076923077, "@20": 0.9038461538461539, "@25": 0.9230769230769231, "@30": 0.9302884615384616, "@35": 0.9399038461538461, "@40": 0.9471153846153846, "@45": 0.9495192307692307, "@50": 0.9591346153846154}, "mrr": 0.6882170213644103, "ndcg": 0.7576370234603531}, "Web Query": {"avg_candidate_rank": 19.905353728489484, "avg_best_candidate_rank": 9.282982791586997, "recall": {"@5": 0.5621414913957935, "@10": 0.6864244741873805, "@15": 0.7581261950286807, "@20": 0.8030592734225621, "@25": 0.8288718929254302, "@30": 0.8518164435946463, "@35": 0.8718929254302104, "@40": 0.8804971319311663, "@45": 0.8957934990439771, "@50": 0.9082217973231358}, "mrr": 0.4609647886445281, "ndcg": 0.6170726862620298}, "CodeSearchNet": {"avg_candidate_rank": 420.1933170995671, "avg_best_candidate_rank": 395.7535807291667, "recall": {"@5": 0.3913239538239538, "@10": 0.4668109668109668, "@15": 0.5125811688311688, "@20": 0.5426136363636364, "@25": 0.5663780663780664, "@30": 0.5860840548340548, "@35": 0.6018668831168831, "@40": 0.6165223665223665, "@45": 0.6299603174603174, "@50": 0.6400613275613276}, "mrr": 0.3071685559943723, "ndcg": 0.42201895337546735}}