{"CoNaLa": {"avg_candidate_rank": 9.978, "avg_best_candidate_rank": 6.506849315068493, "recall": {"@5": 0.646, "@10": 0.77, "@15": 0.832, "@20": 0.874, "@25": 0.908, "@30": 0.926, "@35": 0.94, "@40": 0.948, "@45": 0.952, "@50": 0.958}, "mrr": 0.5444330985287301, "ndcg": 0.6541586017603904}, "External Knowledge": {"avg_candidate_rank": 10.9375, "avg_best_candidate_rank": 10.531506849315068, "recall": {"@5": 0.7379807692307693, "@10": 0.8389423076923077, "@15": 0.8605769230769231, "@20": 0.8846153846153846, "@25": 0.90625, "@30": 0.9182692307692307, "@35": 0.9278846153846154, "@40": 0.9326923076923077, "@45": 0.9399038461538461, "@50": 0.9495192307692307}, "mrr": 0.6486094456355916, "ndcg": 0.7237532529688685}, "Web Query": {"avg_candidate_rank": 20.91204588910134, "avg_best_candidate_rank": 8.961759082217974, "recall": {"@5": 0.5124282982791587, "@10": 0.6491395793499044, "@15": 0.7409177820267686, "@20": 0.7829827915869981, "@25": 0.8183556405353728, "@30": 0.8393881453154876, "@35": 0.858508604206501, "@40": 0.8709369024856597, "@45": 0.878585086042065, "@50": 0.8910133843212237}, "mrr": 0.4218888001274727, "ndcg": 0.5870875398357035}, "CodeSearchNet": {"avg_candidate_rank": 559.6892135642136, "avg_best_candidate_rank": 532.3579334077381, "recall": {"@5": 0.32521645021645024, "@10": 0.39659992784992787, "@15": 0.43970959595959597, "@20": 0.47118506493506496, "@25": 0.49567099567099565, "@30": 0.5163690476190477, "@35": 0.5335497835497836, "@40": 0.5485660173160173, "@45": 0.5617334054834054, "@50": 0.5737734487734488}, "mrr": 0.25523154475970267, "ndcg": 0.37313984651360604}}