{"CoNaLa": {"avg_candidate_rank": 33.588, "avg_best_candidate_rank": 24.654794520547945, "recall": {"@5": 0.378, "@10": 0.498, "@15": 0.558, "@20": 0.616, "@25": 0.676, "@30": 0.716, "@35": 0.764, "@40": 0.788, "@45": 0.8, "@50": 0.816}, "mrr": 0.3077104731103538, "ndcg": 0.4516898972315668}, "External Knowledge": {"avg_candidate_rank": 24.173076923076923, "avg_best_candidate_rank": 24.413698630136988, "recall": {"@5": 0.6225961538461539, "@10": 0.7572115384615384, "@15": 0.7980769230769231, "@20": 0.8173076923076923, "@25": 0.8389423076923077, "@30": 0.8509615384615384, "@35": 0.8605769230769231, "@40": 0.875, "@45": 0.8846153846153846, "@50": 0.8918269230769231}, "mrr": 0.5110289180010573, "ndcg": 0.6121761235644972}, "Web Query": {"avg_candidate_rank": 46.865200764818354, "avg_best_candidate_rank": 16.084130019120458, "recall": {"@5": 0.3986615678776291, "@10": 0.5363288718929254, "@15": 0.6108986615678776, "@20": 0.6548757170172084, "@25": 0.6892925430210325, "@30": 0.7237093690248566, "@35": 0.7533460803059273, "@40": 0.7667304015296367, "@45": 0.7829827915869981, "@50": 0.7934990439770554}, "mrr": 0.32789541785604137, "ndcg": 0.5049652203097603}, "CodeSearchNet": {"avg_candidate_rank": 1811.5366161616162, "avg_best_candidate_rank": 1759.3277064732142, "recall": {"@5": 0.25811688311688313, "@10": 0.31195887445887444, "@15": 0.3456439393939394, "@20": 0.36909271284271283, "@25": 0.38794191919191917, "@30": 0.4043560606060606, "@35": 0.417252886002886, "@40": 0.4289772727272727, "@45": 0.43898809523809523, "@50": 0.4478264790764791}, "mrr": 0.2048974114277073, "ndcg": 0.3146532487859154}}