{"CoNaLa": {"avg_candidate_rank": 8.968, "avg_best_candidate_rank": 6.736986301369863, "recall": {"@5": 0.632, "@10": 0.79, "@15": 0.856, "@20": 0.882, "@25": 0.91, "@30": 0.924, "@35": 0.93, "@40": 0.938, "@45": 0.948, "@50": 0.956}, "mrr": 0.5303181977033078, "ndcg": 0.6402418854399239}, "External Knowledge": {"avg_candidate_rank": 8.432692307692308, "avg_best_candidate_rank": 8.04109589041096, "recall": {"@5": 0.7644230769230769, "@10": 0.8509615384615384, "@15": 0.8918269230769231, "@20": 0.9158653846153846, "@25": 0.9278846153846154, "@30": 0.9375, "@35": 0.9519230769230769, "@40": 0.9519230769230769, "@45": 0.9519230769230769, "@50": 0.9519230769230769}, "mrr": 0.6937270598155564, "ndcg": 0.7599858009180386}, "Web Query": {"avg_candidate_rank": 19.359464627151052, "avg_best_candidate_rank": 9.275334608030592, "recall": {"@5": 0.5382409177820268, "@10": 0.6883365200764818, "@15": 0.7609942638623327, "@20": 0.8030592734225621, "@25": 0.8307839388145315, "@30": 0.858508604206501, "@35": 0.8718929254302104, "@40": 0.887189292543021, "@45": 0.8996175908221797, "@50": 0.9082217973231358}, "mrr": 0.4425987438788736, "ndcg": 0.6019005649881973}, "CodeSearchNet": {"avg_candidate_rank": 60.94990079365079, "avg_best_candidate_rank": 52.901832217261905, "recall": {"@5": 0.8421717171717171, "@10": 0.8770292207792207, "@15": 0.8953823953823954, "@20": 0.9059794372294372, "@25": 0.9119318181818182, "@30": 0.9181096681096681, "@35": 0.922754329004329, "@40": 0.9269931457431457, "@45": 0.9305104617604618, "@50": 0.9337121212121212}, "mrr": 0.7770364631557111, "ndcg": 0.8217490092524238}}