{"CoNaLa": {"avg_candidate_rank": 29.214, "avg_best_candidate_rank": 22.66849315068493, "recall": {"@5": 0.33, "@10": 0.472, "@15": 0.558, "@20": 0.632, "@25": 0.688, "@30": 0.724, "@35": 0.752, "@40": 0.78, "@45": 0.804, "@50": 0.81}, "mrr": 0.2761419774914337, "ndcg": 0.4265928742848205}, "External Knowledge": {"avg_candidate_rank": 49.94951923076923, "avg_best_candidate_rank": 46.397260273972606, "recall": {"@5": 0.3173076923076923, "@10": 0.4495192307692308, "@15": 0.5384615384615384, "@20": 0.59375, "@25": 0.6225961538461539, "@30": 0.6514423076923077, "@35": 0.6634615384615384, "@40": 0.6899038461538461, "@45": 0.71875, "@50": 0.7331730769230769}, "mrr": 0.2596703692943897, "ndcg": 0.3995634164120949}, "Web Query": {"avg_candidate_rank": 73.33078393881453, "avg_best_candidate_rank": 41.03250478011472, "recall": {"@5": 0.2237093690248566, "@10": 0.3193116634799235, "@15": 0.40152963671128106, "@20": 0.47036328871892924, "@25": 0.5162523900573613, "@30": 0.5525812619502868, "@35": 0.5841300191204589, "@40": 0.6080305927342257, "@45": 0.6338432122370937, "@50": 0.6567877629063098}, "mrr": 0.18361840083314285, "ndcg": 0.37277746710593523}, "CodeSearchNet": {"avg_candidate_rank": 2598.3781565656564, "avg_best_candidate_rank": 2549.9998604910716, "recall": {"@5": 0.041396103896103896, "@10": 0.060425685425685424, "@15": 0.07864357864357864, "@20": 0.09090909090909091, "@25": 0.10182178932178933, "@30": 0.11129148629148629, "@35": 0.12003968253968254, "@40": 0.12950937950937952, "@45": 0.13717532467532467, "@50": 0.14299242424242425}, "mrr": 0.032969424807114525, "ndcg": 0.142353087630997}}