{"CoNaLa": {"avg_candidate_rank": 26.152, "avg_best_candidate_rank": 19.56986301369863, "recall": {"@5": 0.368, "@10": 0.504, "@15": 0.588, "@20": 0.642, "@25": 0.706, "@30": 0.738, "@35": 0.772, "@40": 0.794, "@45": 0.816, "@50": 0.834}, "mrr": 0.3005504566897143, "ndcg": 0.44911429504445927}, "External Knowledge": {"avg_candidate_rank": 43.74038461538461, "avg_best_candidate_rank": 41.416438356164385, "recall": {"@5": 0.34615384615384615, "@10": 0.46153846153846156, "@15": 0.5408653846153846, "@20": 0.6081730769230769, "@25": 0.6610576923076923, "@30": 0.7043269230769231, "@35": 0.7259615384615384, "@40": 0.7451923076923077, "@45": 0.7572115384615384, "@50": 0.7788461538461539}, "mrr": 0.2688603079830351, "ndcg": 0.4091762644237351}, "Web Query": {"avg_candidate_rank": 75.58795411089866, "avg_best_candidate_rank": 41.621414913957935, "recall": {"@5": 0.2170172084130019, "@10": 0.3231357552581262, "@15": 0.40152963671128106, "@20": 0.4627151051625239, "@25": 0.5152963671128107, "@30": 0.5497131931166348, "@35": 0.5822179732313576, "@40": 0.6061185468451242, "@45": 0.635755258126195, "@50": 0.6567877629063098}, "mrr": 0.17964710559750022, "ndcg": 0.36921549412902327}, "CodeSearchNet": {"avg_candidate_rank": 2365.965007215007, "avg_best_candidate_rank": 2320.018973214286, "recall": {"@5": 0.045725108225108224, "@10": 0.0679563492063492, "@15": 0.08464105339105339, "@20": 0.09871031746031746, "@25": 0.11133658008658008, "@30": 0.12427849927849928, "@35": 0.13446969696969696, "@40": 0.14389430014430016, "@45": 0.15192099567099568, "@50": 0.16148088023088022}, "mrr": 0.037132966903846834, "ndcg": 0.14852784429020902}}