{"CoNaLa": {"avg_candidate_rank": 6.814, "avg_best_candidate_rank": 5.383561643835616, "recall": {"@5": 0.678, "@10": 0.818, "@15": 0.866, "@20": 0.904, "@25": 0.93, "@30": 0.944, "@35": 0.954, "@40": 0.96, "@45": 0.974, "@50": 0.98}, "mrr": 0.5627718384045963, "ndcg": 0.6689054724144705}, "External Knowledge": {"avg_candidate_rank": 6.524038461538462, "avg_best_candidate_rank": 6.016438356164383, "recall": {"@5": 0.7980769230769231, "@10": 0.8798076923076923, "@15": 0.9158653846153846, "@20": 0.9254807692307693, "@25": 0.9375, "@30": 0.9447115384615384, "@35": 0.9447115384615384, "@40": 0.9519230769230769, "@45": 0.9591346153846154, "@50": 0.9615384615384616}, "mrr": 0.7108583767584524, "ndcg": 0.7747366704374726}, "Web Query": {"avg_candidate_rank": 17.32982791586998, "avg_best_candidate_rank": 7.632887189292543, "recall": {"@5": 0.5707456978967496, "@10": 0.7151051625239006, "@15": 0.7877629063097514, "@20": 0.8250478011472275, "@25": 0.847036328871893, "@30": 0.8652007648183556, "@35": 0.8776290630975143, "@40": 0.890057361376673, "@45": 0.8996175908221797, "@50": 0.9120458891013384}, "mrr": 0.4656855915066792, "ndcg": 0.6203339195938979}, "CodeSearchNet": {"avg_candidate_rank": 335.70395923520925, "avg_best_candidate_rank": 314.17596726190476, "recall": {"@5": 0.4415133477633478, "@10": 0.5203823953823954, "@15": 0.5664231601731602, "@20": 0.595734126984127, "@25": 0.61882215007215, "@30": 0.637085137085137, "@35": 0.6537698412698413, "@40": 0.6673430735930735, "@45": 0.679338023088023, "@50": 0.6898448773448773}, "mrr": 0.35198373185660675, "ndcg": 0.46279469227928566}}