{"CoNaLa": {"avg_candidate_rank": 6.684, "avg_best_candidate_rank": 5.336986301369863, "recall": {"@5": 0.68, "@10": 0.824, "@15": 0.87, "@20": 0.904, "@25": 0.932, "@30": 0.944, "@35": 0.954, "@40": 0.968, "@45": 0.976, "@50": 0.982}, "mrr": 0.566233062105507, "ndcg": 0.6707631786364957}, "External Knowledge": {"avg_candidate_rank": 6.524038461538462, "avg_best_candidate_rank": 6.016438356164383, "recall": {"@5": 0.7980769230769231, "@10": 0.8798076923076923, "@15": 0.9158653846153846, "@20": 0.9254807692307693, "@25": 0.9375, "@30": 0.9447115384615384, "@35": 0.9447115384615384, "@40": 0.9519230769230769, "@45": 0.9591346153846154, "@50": 0.9615384615384616}, "mrr": 0.7108583767584524, "ndcg": 0.7747366704374726}, "Web Query": {"avg_candidate_rank": 16.91204588910134, "avg_best_candidate_rank": 7.54302103250478, "recall": {"@5": 0.5764818355640535, "@10": 0.7160611854684512, "@15": 0.7829827915869981, "@20": 0.8260038240917782, "@25": 0.8499043977055449, "@30": 0.8671128107074569, "@35": 0.8795411089866156, "@40": 0.8919694072657743, "@45": 0.9005736137667304, "@50": 0.9101338432122371}, "mrr": 0.46659626503012447, "ndcg": 0.6205340961179758}, "CodeSearchNet": {"avg_candidate_rank": 56.51415945165945, "avg_best_candidate_rank": 48.55771019345238, "recall": {"@5": 0.8446067821067821, "@10": 0.8779310966810967, "@15": 0.895247113997114, "@20": 0.9044011544011544, "@25": 0.911976911976912, "@30": 0.9179743867243867, "@35": 0.9230699855699855, "@40": 0.9274440836940837, "@45": 0.930690836940837, "@50": 0.933757215007215}, "mrr": 0.7777575582848971, "ndcg": 0.82245109540225}}