{"CoNaLa": {"avg_candidate_rank": 18.956, "avg_best_candidate_rank": 16.72876712328767, "recall": {"@5": 0.572, "@10": 0.694, "@15": 0.744, "@20": 0.782, "@25": 0.818, "@30": 0.838, "@35": 0.858, "@40": 0.876, "@45": 0.886, "@50": 0.89}, "mrr": 0.48127227433379766, "ndcg": 0.5964569556503494}, "External Knowledge": {"avg_candidate_rank": 2.980769230769231, "avg_best_candidate_rank": 2.638356164383562, "recall": {"@5": 0.9110576923076923, "@10": 0.9567307692307693, "@15": 0.9711538461538461, "@20": 0.9807692307692307, "@25": 0.9807692307692307, "@30": 0.9807692307692307, "@35": 0.9807692307692307, "@40": 0.9807692307692307, "@45": 0.9807692307692307, "@50": 0.9831730769230769}, "mrr": 0.8625166493680491, "ndcg": 0.8947242280900418}, "CodeSearchNet": {"avg_candidate_rank": 540.41811556481, "avg_best_candidate_rank": 540.3122786919391, "recall": {"@5": 0.37834461218115567, "@10": 0.4484643414888079, "@15": 0.4892764185320146, "@20": 0.5181676210307131, "@25": 0.5433107756376887, "@30": 0.5646017699115045, "@35": 0.5799062988027069, "@40": 0.5941697032795419, "@45": 0.605257678292556, "@50": 0.6150442477876106}, "mrr": 0.295553910456088, "ndcg": 0.4076621322516387}}