{"CoNaLa": {"avg_candidate_rank": 6.804, "avg_best_candidate_rank": 5.112328767123287, "recall": {"@5": 0.684, "@10": 0.836, "@15": 0.886, "@20": 0.916, "@25": 0.942, "@30": 0.95, "@35": 0.958, "@40": 0.96, "@45": 0.968, "@50": 0.972}, "mrr": 0.5827916960911391, "ndcg": 0.6837098827091551}, "External Knowledge": {"avg_candidate_rank": 5.552884615384615, "avg_best_candidate_rank": 5.109589041095891, "recall": {"@5": 0.8557692307692307, "@10": 0.9110576923076923, "@15": 0.9278846153846154, "@20": 0.9423076923076923, "@25": 0.9495192307692307, "@30": 0.9567307692307693, "@35": 0.9615384615384616, "@40": 0.96875, "@45": 0.9711538461538461, "@50": 0.9735576923076923}, "mrr": 0.7846999082061483, "ndcg": 0.833217069090537}, "Web Query": {"avg_candidate_rank": 17.512428298279158, "avg_best_candidate_rank": 7.455066921606119, "recall": {"@5": 0.5564053537284895, "@10": 0.7045889101338432, "@15": 0.7915869980879541, "@20": 0.844168260038241, "@25": 0.869980879541109, "@30": 0.887189292543021, "@35": 0.9005736137667304, "@40": 0.9110898661567878, "@45": 0.9225621414913958, "@50": 0.9263862332695985}, "mrr": 0.47037955679912447, "ndcg": 0.6249444663719055}, "CodeSearchNet": {"avg_candidate_rank": 248.58234126984127, "avg_best_candidate_rank": 228.20870535714286, "recall": {"@5": 0.5075306637806638, "@10": 0.5856782106782107, "@15": 0.6279761904761905, "@20": 0.6604888167388168, "@25": 0.6838023088023089, "@30": 0.7026966089466089, "@35": 0.7178932178932179, "@40": 0.7294823232323232, "@45": 0.7412518037518038, "@50": 0.7499098124098124}, "mrr": 0.408225714064644, "ndcg": 0.5137410077748036}}