{"CoNaLa": {"avg_candidate_rank": 79.904, "avg_best_candidate_rank": 72.06027397260274, "recall": {"@5": 0.24, "@10": 0.304, "@15": 0.348, "@20": 0.386, "@25": 0.432, "@30": 0.468, "@35": 0.512, "@40": 0.528, "@45": 0.564, "@50": 0.584}, "mrr": 0.20696205903544096, "ndcg": 0.34900367012393113}, "External Knowledge": {"avg_candidate_rank": 2.8028846153846154, "avg_best_candidate_rank": 2.2904109589041095, "recall": {"@5": 0.9086538461538461, "@10": 0.9399038461538461, "@15": 0.9543269230769231, "@20": 0.9591346153846154, "@25": 0.9663461538461539, "@30": 0.9711538461538461, "@35": 0.9759615384615384, "@40": 0.9831730769230769, "@45": 0.9831730769230769, "@50": 0.9831730769230769}, "mrr": 0.8301966508044093, "ndcg": 0.8693541808953151}, "Web Query": {"avg_candidate_rank": 64.6414913957935, "avg_best_candidate_rank": 22.491395793499045, "recall": {"@5": 0.3690248565965583, "@10": 0.4722753346080306, "@15": 0.5344168260038241, "@20": 0.5822179732313576, "@25": 0.6223709369024857, "@30": 0.6472275334608031, "@35": 0.6692160611854685, "@40": 0.6969407265774379, "@45": 0.722753346080306, "@50": 0.734225621414914}, "mrr": 0.2946463142286729, "ndcg": 0.4770244025088792}}