{"CoNaLa": {"avg_candidate_rank": 7.846, "avg_best_candidate_rank": 5.846575342465753, "recall": {"@5": 0.692, "@10": 0.8, "@15": 0.862, "@20": 0.898, "@25": 0.922, "@30": 0.95, "@35": 0.964, "@40": 0.968, "@45": 0.972, "@50": 0.976}, "mrr": 0.5706383386647558, "ndcg": 0.6736204076882016}, "External Knowledge": {"avg_candidate_rank": 2.5408653846153846, "avg_best_candidate_rank": 1.7945205479452055, "recall": {"@5": 0.9086538461538461, "@10": 0.9423076923076923, "@15": 0.9639423076923077, "@20": 0.9735576923076923, "@25": 0.9855769230769231, "@30": 0.9855769230769231, "@35": 0.9855769230769231, "@40": 0.9855769230769231, "@45": 0.9855769230769231, "@50": 0.9879807692307693}, "mrr": 0.8567820319953062, "ndcg": 0.8898384466383464}, "Web Query": {"avg_candidate_rank": 20.108986615678777, "avg_best_candidate_rank": 9.646271510516252, "recall": {"@5": 0.5325047801147228, "@10": 0.6577437858508605, "@15": 0.7447418738049714, "@20": 0.7915869980879541, "@25": 0.8269598470363289, "@30": 0.8594646271510517, "@35": 0.872848948374761, "@40": 0.8862332695984704, "@45": 0.8986615678776291, "@50": 0.9120458891013384}, "mrr": 0.42591033679518797, "ndcg": 0.5914346252179256}}