{"CoNaLa": {"avg_candidate_rank": 7.208, "avg_best_candidate_rank": 5.282191780821917, "recall": {"@5": 0.69, "@10": 0.81, "@15": 0.864, "@20": 0.9, "@25": 0.924, "@30": 0.948, "@35": 0.962, "@40": 0.962, "@45": 0.968, "@50": 0.97}, "mrr": 0.5413839598556214, "ndcg": 0.6515241038018853}, "External Knowledge": {"avg_candidate_rank": 7.3125, "avg_best_candidate_rank": 6.63013698630137, "recall": {"@5": 0.7451923076923077, "@10": 0.8365384615384616, "@15": 0.8798076923076923, "@20": 0.9086538461538461, "@25": 0.9278846153846154, "@30": 0.9423076923076923, "@35": 0.9471153846153846, "@40": 0.9543269230769231, "@45": 0.9567307692307693, "@50": 0.9567307692307693}, "mrr": 0.6748383655101599, "ndcg": 0.7465638541045524}, "Web Query": {"avg_candidate_rank": 19.326959847036328, "avg_best_candidate_rank": 8.797323135755258, "recall": {"@5": 0.5468451242829828, "@10": 0.7017208413001912, "@15": 0.768642447418738, "@20": 0.8107074569789675, "@25": 0.8403441682600382, "@30": 0.8623326959847036, "@35": 0.8833652007648184, "@40": 0.8986615678776291, "@45": 0.904397705544933, "@50": 0.9120458891013384}, "mrr": 0.45222586502051154, "ndcg": 0.6106013808451781}, "CodeSearchNet": {"avg_candidate_rank": 402.7267766955267, "avg_best_candidate_rank": 377.32598586309524, "recall": {"@5": 0.41851551226551226, "@10": 0.49467893217893216, "@15": 0.5386002886002886, "@20": 0.5684072871572872, "@25": 0.591765873015873, "@30": 0.6090367965367965, "@35": 0.624549062049062, "@40": 0.6379419191919192, "@45": 0.6497113997113997, "@50": 0.6607593795093795}, "mrr": 0.3319320918516851, "ndcg": 0.44366652739620854}}