{"CoNaLa": {"avg_candidate_rank": 52.952, "avg_best_candidate_rank": 38.391780821917806, "recall": {"@5": 0.27, "@10": 0.378, "@15": 0.454, "@20": 0.51, "@25": 0.566, "@30": 0.604, "@35": 0.65, "@40": 0.684, "@45": 0.718, "@50": 0.734}, "mrr": 0.21197456338514384, "ndcg": 0.36644936335489964}, "External Knowledge": {"avg_candidate_rank": 71.10096153846153, "avg_best_candidate_rank": 73.34246575342466, "recall": {"@5": 0.23557692307692307, "@10": 0.3245192307692308, "@15": 0.38221153846153844, "@20": 0.42788461538461536, "@25": 0.46153846153846156, "@30": 0.49038461538461536, "@35": 0.5168269230769231, "@40": 0.5360576923076923, "@45": 0.5697115384615384, "@50": 0.6009615384615384}, "mrr": 0.18343364106498627, "ndcg": 0.3248111076405334}, "Web Query": {"avg_candidate_rank": 47.993307839388144, "avg_best_candidate_rank": 21.4263862332696, "recall": {"@5": 0.3240917782026769, "@10": 0.4569789674952199, "@15": 0.5248565965583174, "@20": 0.5927342256214149, "@25": 0.6319311663479924, "@30": 0.6653919694072657, "@35": 0.6921606118546845, "@40": 0.7179732313575525, "@45": 0.7418738049713193, "@50": 0.7562141491395793}, "mrr": 0.26146938463918534, "ndcg": 0.44705136377146815}, "CodeSearchNet": {"avg_candidate_rank": 412.19448953823957, "avg_best_candidate_rank": 391.34500558035717, "recall": {"@5": 0.6133658008658008, "@10": 0.6646374458874459, "@15": 0.6918290043290043, "@20": 0.7122113997113997, "@25": 0.7273629148629148, "@30": 0.7398088023088023, "@35": 0.7501352813852814, "@40": 0.7579365079365079, "@45": 0.7649260461760462, "@50": 0.7713293650793651}, "mrr": 0.5437944577917226, "ndcg": 0.6206430195654316}}