{"CoNaLa": {"avg_candidate_rank": 54.054, "avg_best_candidate_rank": 39.3041095890411, "recall": {"@5": 0.262, "@10": 0.374, "@15": 0.456, "@20": 0.528, "@25": 0.578, "@30": 0.612, "@35": 0.65, "@40": 0.676, "@45": 0.71, "@50": 0.73}, "mrr": 0.20918812224226577, "ndcg": 0.36398221535702013}, "External Knowledge": {"avg_candidate_rank": 71.10096153846153, "avg_best_candidate_rank": 73.34246575342466, "recall": {"@5": 0.23557692307692307, "@10": 0.3245192307692308, "@15": 0.38221153846153844, "@20": 0.42788461538461536, "@25": 0.46153846153846156, "@30": 0.49038461538461536, "@35": 0.5168269230769231, "@40": 0.5360576923076923, "@45": 0.5697115384615384, "@50": 0.6009615384615384}, "mrr": 0.18343364106498627, "ndcg": 0.3248111076405334}, "Web Query": {"avg_candidate_rank": 49.865200764818354, "avg_best_candidate_rank": 21.579349904397706, "recall": {"@5": 0.32695984703632885, "@10": 0.45793499043977054, "@15": 0.5248565965583174, "@20": 0.5889101338432122, "@25": 0.6328871892925431, "@30": 0.6615678776290631, "@35": 0.6921606118546845, "@40": 0.7179732313575525, "@45": 0.734225621414914, "@50": 0.7552581261950286}, "mrr": 0.2591816751755429, "ndcg": 0.4448723151474209}, "CodeSearchNet": {"avg_candidate_rank": 2441.917297979798, "avg_best_candidate_rank": 2389.4484747023807, "recall": {"@5": 0.11038961038961038, "@10": 0.14578823953823955, "@15": 0.17239357864357865, "@20": 0.19164862914862915, "@25": 0.20616883116883117, "@30": 0.21933621933621933, "@35": 0.23299963924963926, "@40": 0.244498556998557, "@45": 0.25410353535353536, "@50": 0.2628066378066378}, "mrr": 0.08424453252664524, "ndcg": 0.19753877273306816}}