{"CoNaLa": {"avg_candidate_rank": 202.382, "avg_best_candidate_rank": 190.54794520547946, "recall": {"@5": 0.12, "@10": 0.172, "@15": 0.21, "@20": 0.234, "@25": 0.25, "@30": 0.264, "@35": 0.288, "@40": 0.302, "@45": 0.312, "@50": 0.328}, "mrr": 0.09889625839775587, "ndcg": 0.23722878116200513}, "External Knowledge": {"avg_candidate_rank": 43.15144230769231, "avg_best_candidate_rank": 44.06575342465754, "recall": {"@5": 0.6466346153846154, "@10": 0.7091346153846154, "@15": 0.7427884615384616, "@20": 0.7596153846153846, "@25": 0.7740384615384616, "@30": 0.7908653846153846, "@35": 0.7932692307692307, "@40": 0.8052884615384616, "@45": 0.8149038461538461, "@50": 0.8221153846153846}, "mrr": 0.5393031468146003, "ndcg": 0.6285954681975442}, "Web Query": {"avg_candidate_rank": 351.1663479923518, "avg_best_candidate_rank": 232.97514340344168, "recall": {"@5": 0.019120458891013385, "@10": 0.032504780114722756, "@15": 0.033460803059273424, "@20": 0.04110898661567878, "@25": 0.044933078393881457, "@30": 0.04780114722753346, "@35": 0.05066921606118547, "@40": 0.06022944550669216, "@45": 0.06405353728489484, "@50": 0.07648183556405354}, "mrr": 0.018801386270276003, "ndcg": 0.16978610467001493}, "CodeSearchNet": {"avg_candidate_rank": 7128.150748556998, "avg_best_candidate_rank": 7040.428013392857, "recall": {"@5": 0.0003156565656565657, "@10": 0.001397907647907648, "@15": 0.002344877344877345, "@20": 0.0032016594516594515, "@25": 0.003968253968253968, "@30": 0.004734848484848485, "@35": 0.005275974025974026, "@40": 0.005862193362193362, "@45": 0.006673881673881674, "@50": 0.007305194805194805}, "mrr": 0.0011877030713259799, "ndcg": 0.08596413116481529}}