{"CoNaLa": {"avg_candidate_rank": 6.216, "avg_best_candidate_rank": 4.758904109589041, "recall": {"@5": 0.724, "@10": 0.842, "@15": 0.882, "@20": 0.924, "@25": 0.942, "@30": 0.962, "@35": 0.972, "@40": 0.974, "@45": 0.98, "@50": 0.982}, "mrr": 0.5912604153785658, "ndcg": 0.6902349703588347}, "External Knowledge": {"avg_candidate_rank": 3.7740384615384617, "avg_best_candidate_rank": 2.789041095890411, "recall": {"@5": 0.9134615384615384, "@10": 0.9447115384615384, "@15": 0.9567307692307693, "@20": 0.9615384615384616, "@25": 0.9735576923076923, "@30": 0.9735576923076923, "@35": 0.9735576923076923, "@40": 0.9759615384615384, "@45": 0.9759615384615384, "@50": 0.9783653846153846}, "mrr": 0.8476911582968485, "ndcg": 0.8830967784613072}, "Web Query": {"avg_candidate_rank": 18.67590822179732, "avg_best_candidate_rank": 9.598470363288719, "recall": {"@5": 0.6022944550669216, "@10": 0.7151051625239006, "@15": 0.7915869980879541, "@20": 0.8365200764818356, "@25": 0.8671128107074569, "@30": 0.8881453154875717, "@35": 0.8977055449330784, "@40": 0.9063097514340345, "@45": 0.9130019120458891, "@50": 0.9187380497131931}, "mrr": 0.4870779255828767, "ndcg": 0.6371295775019371}}