{"CoNaLa": {"avg_candidate_rank": 8.166, "avg_best_candidate_rank": 6.2, "recall": {"@5": 0.644, "@10": 0.798, "@15": 0.868, "@20": 0.892, "@25": 0.914, "@30": 0.924, "@35": 0.93, "@40": 0.948, "@45": 0.954, "@50": 0.964}, "mrr": 0.5514290005147254, "ndcg": 0.6586255472399152}, "External Knowledge": {"avg_candidate_rank": 8.091346153846153, "avg_best_candidate_rank": 7.632876712328767, "recall": {"@5": 0.7427884615384616, "@10": 0.8389423076923077, "@15": 0.8774038461538461, "@20": 0.90625, "@25": 0.9158653846153846, "@30": 0.9326923076923077, "@35": 0.9375, "@40": 0.9447115384615384, "@45": 0.9519230769230769, "@50": 0.9519230769230769}, "mrr": 0.6752481496158506, "ndcg": 0.7447298519020094}, "Web Query": {"avg_candidate_rank": 19.736137667304014, "avg_best_candidate_rank": 8.732313575525813, "recall": {"@5": 0.5372848948374761, "@10": 0.6835564053537285, "@15": 0.751434034416826, "@20": 0.7896749521988528, "@25": 0.8269598470363289, "@30": 0.847036328871893, "@35": 0.8632887189292543, "@40": 0.8824091778202677, "@45": 0.8977055449330784, "@50": 0.9130019120458891}, "mrr": 0.4318116735549882, "ndcg": 0.5946356544548854}, "CodeSearchNet": {"avg_candidate_rank": 69.39172979797979, "avg_best_candidate_rank": 61.19614955357143, "recall": {"@5": 0.8327020202020202, "@10": 0.8690927128427128, "@15": 0.8880321067821068, "@20": 0.899440836940837, "@25": 0.9075577200577201, "@30": 0.9134199134199135, "@35": 0.9185155122655123, "@40": 0.9220328282828283, "@45": 0.9252795815295816, "@50": 0.9286165223665224}, "mrr": 0.7664296747709523, "ndcg": 0.812941960822531}}