{"CoNaLa": {"avg_candidate_rank": 8.822, "avg_best_candidate_rank": 4.758904109589041, "recall": {"@5": 0.674, "@10": 0.822, "@15": 0.878, "@20": 0.914, "@25": 0.924, "@30": 0.938, "@35": 0.956, "@40": 0.96, "@45": 0.968, "@50": 0.972}, "mrr": 0.5752439828606521, "ndcg": 0.6787898195042492}, "External Knowledge": {"avg_candidate_rank": 5.875, "avg_best_candidate_rank": 4.389041095890411, "recall": {"@5": 0.8725961538461539, "@10": 0.9254807692307693, "@15": 0.9495192307692307, "@20": 0.9615384615384616, "@25": 0.9639423076923077, "@30": 0.96875, "@35": 0.9711538461538461, "@40": 0.9735576923076923, "@45": 0.9759615384615384, "@50": 0.9759615384615384}, "mrr": 0.803365270055467, "ndcg": 0.8469752935055987}, "Web Query": {"avg_candidate_rank": 17.97323135755258, "avg_best_candidate_rank": 8.61567877629063, "recall": {"@5": 0.5812619502868069, "@10": 0.7323135755258127, "@15": 0.8068833652007649, "@20": 0.8432122370936902, "@25": 0.8652007648183556, "@30": 0.8833652007648184, "@35": 0.8967495219885278, "@40": 0.9024856596558317, "@45": 0.9091778202676865, "@50": 0.9244741873804971}, "mrr": 0.47875530007267836, "ndcg": 0.6330462324021738}}