{"CoNaLa": {"avg_candidate_rank": 8.194, "avg_best_candidate_rank": 6.1068493150684935, "recall": {"@5": 0.644, "@10": 0.782, "@15": 0.842, "@20": 0.876, "@25": 0.902, "@30": 0.92, "@35": 0.944, "@40": 0.954, "@45": 0.956, "@50": 0.962}, "mrr": 0.5477560369622833, "ndcg": 0.6546276899461352}, "External Knowledge": {"avg_candidate_rank": 7.139423076923077, "avg_best_candidate_rank": 5.8931506849315065, "recall": {"@5": 0.7884615384615384, "@10": 0.8653846153846154, "@15": 0.9158653846153846, "@20": 0.9278846153846154, "@25": 0.9375, "@30": 0.9399038461538461, "@35": 0.9519230769230769, "@40": 0.9567307692307693, "@45": 0.9639423076923077, "@50": 0.9735576923076923}, "mrr": 0.7012404558371399, "ndcg": 0.7685057683887271}, "CodeSearchNet": {"avg_candidate_rank": 246.79474232170745, "avg_best_candidate_rank": 246.8671630910227, "recall": {"@5": 0.7821967725143154, "@10": 0.8215512753774076, "@15": 0.8414367516918272, "@20": 0.8561686621551275, "@25": 0.8663716814159292, "@30": 0.8754294638209266, "@35": 0.8818844351900053, "@40": 0.8875065070275898, "@45": 0.8922956793336804, "@50": 0.8963040083289953}, "mrr": 0.7042679451261825, "ndcg": 0.7586547197343111}}