{"CoNaLa": {"avg_candidate_rank": 63.21, "avg_best_candidate_rank": 54.31506849315068, "recall": {"@5": 0.162, "@10": 0.256, "@15": 0.318, "@20": 0.38, "@25": 0.43, "@30": 0.492, "@35": 0.53, "@40": 0.56, "@45": 0.588, "@50": 0.62}, "mrr": 0.13023522514995842, "ndcg": 0.29279625419554284}, "External Knowledge": {"avg_candidate_rank": 97.81971153846153, "avg_best_candidate_rank": 91.9945205479452, "recall": {"@5": 0.08413461538461539, "@10": 0.14423076923076922, "@15": 0.18028846153846154, "@20": 0.23076923076923078, "@25": 0.28125, "@30": 0.32211538461538464, "@35": 0.3581730769230769, "@40": 0.3798076923076923, "@45": 0.41346153846153844, "@50": 0.4543269230769231}, "mrr": 0.0672955965848332, "ndcg": 0.21913666131911058}, "Web Query": {"avg_candidate_rank": 155.37189292543022, "avg_best_candidate_rank": 88.93499043977056, "recall": {"@5": 0.07743785850860421, "@10": 0.13288718929254303, "@15": 0.17686424474187382, "@20": 0.22562141491395793, "@25": 0.25621414913957935, "@30": 0.2820267686424474, "@35": 0.30975143403441685, "@40": 0.32695984703632885, "@45": 0.3508604206500956, "@50": 0.3652007648183556}, "mrr": 0.06494935527249998, "ndcg": 0.24415186533153677}, "CodeSearchNet": {"avg_candidate_rank": 4564.5983495671, "avg_best_candidate_rank": 4479.9955822172615, "recall": {"@5": 0.00487012987012987, "@10": 0.008567821067821068, "@15": 0.012761544011544012, "@20": 0.016504329004329004, "@25": 0.020111832611832612, "@30": 0.02353896103896104, "@35": 0.02683080808080808, "@40": 0.030032467532467532, "@45": 0.032918470418470416, "@50": 0.03575937950937951}, "mrr": 0.0055370995153101055, "ndcg": 0.10064155072252828}}