{"CoNaLa": {"avg_candidate_rank": 25.914, "avg_best_candidate_rank": 21.46301369863014, "recall": {"@5": 0.436, "@10": 0.55, "@15": 0.618, "@20": 0.68, "@25": 0.718, "@30": 0.75, "@35": 0.782, "@40": 0.806, "@45": 0.83, "@50": 0.848}, "mrr": 0.36440526453605565, "ndcg": 0.4986605103331685}, "External Knowledge": {"avg_candidate_rank": 0.5408653846153846, "avg_best_candidate_rank": 0.15342465753424658, "recall": {"@5": 0.96875, "@10": 0.9879807692307693, "@15": 0.9927884615384616, "@20": 0.9951923076923077, "@25": 1.0, "@30": 1.0, "@35": 1.0, "@40": 1.0, "@45": 1.0, "@50": 1.0}, "mrr": 0.9585319042889336, "ndcg": 0.9698946317896748}, "Web Query": {"avg_candidate_rank": 43.9244741873805, "avg_best_candidate_rank": 18.39770554493308, "recall": {"@5": 0.3738049713193117, "@10": 0.4961759082217973, "@15": 0.5774378585086042, "@20": 0.624282982791587, "@25": 0.6701720841300192, "@30": 0.7036328871892925, "@35": 0.7418738049713193, "@40": 0.7648183556405354, "@45": 0.7762906309751434, "@50": 0.7877629063097514}, "mrr": 0.3116945821368989, "ndcg": 0.48801128090139617}, "CodeSearchNet": {"avg_candidate_rank": 293.75040584415586, "avg_best_candidate_rank": 263.1807570684524, "recall": {"@5": 0.5743145743145743, "@10": 0.6527777777777778, "@15": 0.6927308802308803, "@20": 0.7185696248196248, "@25": 0.7383207070707071, "@30": 0.7562229437229437, "@35": 0.7695707070707071, "@40": 0.7800324675324676, "@45": 0.789411976911977, "@50": 0.7971230158730159}, "mrr": 0.4622249071312552, "ndcg": 0.5611246903300858}}