{"CoNaLa": {"avg_candidate_rank": 9.764, "avg_best_candidate_rank": 7.145205479452055, "recall": {"@5": 0.632, "@10": 0.778, "@15": 0.828, "@20": 0.882, "@25": 0.91, "@30": 0.926, "@35": 0.934, "@40": 0.942, "@45": 0.948, "@50": 0.952}, "mrr": 0.5057761683941515, "ndcg": 0.6215553015975536}, "External Knowledge": {"avg_candidate_rank": 9.0, "avg_best_candidate_rank": 8.67945205479452, "recall": {"@5": 0.7403846153846154, "@10": 0.8413461538461539, "@15": 0.875, "@20": 0.8966346153846154, "@25": 0.9182692307692307, "@30": 0.9278846153846154, "@35": 0.9350961538461539, "@40": 0.9423076923076923, "@45": 0.9543269230769231, "@50": 0.9567307692307693}, "mrr": 0.6610357785586193, "ndcg": 0.7337686485480625}, "Web Query": {"avg_candidate_rank": 20.600382409177822, "avg_best_candidate_rank": 8.776290630975144, "recall": {"@5": 0.5162523900573613, "@10": 0.6586998087954111, "@15": 0.7294455066921606, "@20": 0.7877629063097514, "@25": 0.8221797323135756, "@30": 0.8499043977055449, "@35": 0.8652007648183556, "@40": 0.875717017208413, "@45": 0.9024856596558317, "@50": 0.9063097514340345}, "mrr": 0.42562959953671675, "ndcg": 0.5887849390945208}, "CodeSearchNet": {"avg_candidate_rank": 70.36372655122655, "avg_best_candidate_rank": 61.84974888392857, "recall": {"@5": 0.8354978354978355, "@10": 0.8719336219336219, "@15": 0.8882575757575758, "@20": 0.8997113997113997, "@25": 0.9071969696969697, "@30": 0.9132395382395382, "@35": 0.9189664502164502, "@40": 0.9233405483405484, "@45": 0.9266774891774892, "@50": 0.9290674603174603}, "mrr": 0.7713673625499528, "ndcg": 0.8166762390289041}}