{"CoNaLa": {"avg_candidate_rank": 7.444, "avg_best_candidate_rank": 5.978082191780822, "recall": {"@5": 0.65, "@10": 0.792, "@15": 0.848, "@20": 0.906, "@25": 0.924, "@30": 0.944, "@35": 0.954, "@40": 0.962, "@45": 0.97, "@50": 0.976}, "mrr": 0.5451142776203559, "ndcg": 0.655118222379418}, "External Knowledge": {"avg_candidate_rank": 6.766826923076923, "avg_best_candidate_rank": 5.824657534246575, "recall": {"@5": 0.7836538461538461, "@10": 0.8629807692307693, "@15": 0.8990384615384616, "@20": 0.9158653846153846, "@25": 0.9326923076923077, "@30": 0.9423076923076923, "@35": 0.9471153846153846, "@40": 0.9591346153846154, "@45": 0.9615384615384616, "@50": 0.9639423076923077}, "mrr": 0.6976318966700944, "ndcg": 0.763899349479263}, "Web Query": {"avg_candidate_rank": 21.2887189292543, "avg_best_candidate_rank": 9.560229445506693, "recall": {"@5": 0.5258126195028681, "@10": 0.6596558317399618, "@15": 0.739961759082218, "@20": 0.7992351816443595, "@25": 0.8298279158699808, "@30": 0.8499043977055449, "@35": 0.864244741873805, "@40": 0.8804971319311663, "@45": 0.890057361376673, "@50": 0.9024856596558317}, "mrr": 0.4282698218562172, "ndcg": 0.5900503864322897}, "CodeSearchNet": {"avg_candidate_rank": 392.0905934343434, "avg_best_candidate_rank": 366.15350632440476, "recall": {"@5": 0.41698232323232326, "@10": 0.4952200577200577, "@15": 0.539411976911977, "@20": 0.5713834776334776, "@25": 0.5958694083694084, "@30": 0.6156204906204906, "@35": 0.631809163059163, "@40": 0.6447510822510822, "@45": 0.6562950937950938, "@50": 0.6671176046176046}, "mrr": 0.331889900728026, "ndcg": 0.444251511808116}}