{"CoNaLa": {"avg_candidate_rank": 7.298, "avg_best_candidate_rank": 5.852054794520548, "recall": {"@5": 0.662, "@10": 0.798, "@15": 0.854, "@20": 0.902, "@25": 0.928, "@30": 0.942, "@35": 0.954, "@40": 0.958, "@45": 0.972, "@50": 0.976}, "mrr": 0.5496063739249187, "ndcg": 0.6580121248978517}, "External Knowledge": {"avg_candidate_rank": 6.766826923076923, "avg_best_candidate_rank": 5.824657534246575, "recall": {"@5": 0.7836538461538461, "@10": 0.8629807692307693, "@15": 0.8990384615384616, "@20": 0.9158653846153846, "@25": 0.9326923076923077, "@30": 0.9423076923076923, "@35": 0.9471153846153846, "@40": 0.9591346153846154, "@45": 0.9615384615384616, "@50": 0.9639423076923077}, "mrr": 0.6976318966700944, "ndcg": 0.763899349479263}, "Web Query": {"avg_candidate_rank": 20.966539196940726, "avg_best_candidate_rank": 9.606118546845124, "recall": {"@5": 0.5277246653919694, "@10": 0.6606118546845124, "@15": 0.7409177820267686, "@20": 0.7982791586998088, "@25": 0.8317399617590823, "@30": 0.8499043977055449, "@35": 0.8671128107074569, "@40": 0.8814531548757171, "@45": 0.892925430210325, "@50": 0.9082217973231358}, "mrr": 0.4318354805771085, "ndcg": 0.5922744152693602}, "CodeSearchNet": {"avg_candidate_rank": 81.619227994228, "avg_best_candidate_rank": 68.19833519345238, "recall": {"@5": 0.8215638528138528, "@10": 0.8555194805194806, "@15": 0.8737824675324676, "@20": 0.886002886002886, "@25": 0.8952020202020202, "@30": 0.9016504329004329, "@35": 0.9070165945165946, "@40": 0.9112554112554112, "@45": 0.9155844155844156, "@50": 0.9188762626262627}, "mrr": 0.7590851955602689, "ndcg": 0.8061097625477507}}