{"CoNaLa": {"avg_candidate_rank": 7.51, "avg_best_candidate_rank": 5.383561643835616, "recall": {"@5": 0.696, "@10": 0.83, "@15": 0.864, "@20": 0.9, "@25": 0.932, "@30": 0.948, "@35": 0.958, "@40": 0.962, "@45": 0.97, "@50": 0.976}, "mrr": 0.5981827945575559, "ndcg": 0.6952949576428176}, "External Knowledge": {"avg_candidate_rank": 3.6923076923076925, "avg_best_candidate_rank": 3.1342465753424658, "recall": {"@5": 0.8990384615384616, "@10": 0.9471153846153846, "@15": 0.9543269230769231, "@20": 0.9639423076923077, "@25": 0.96875, "@30": 0.9759615384615384, "@35": 0.9783653846153846, "@40": 0.9807692307692307, "@45": 0.9807692307692307, "@50": 0.9831730769230769}, "mrr": 0.8341731128896397, "ndcg": 0.872697273630201}, "Web Query": {"avg_candidate_rank": 17.151051625239006, "avg_best_candidate_rank": 8.099426386233269, "recall": {"@5": 0.5927342256214149, "@10": 0.722753346080306, "@15": 0.7925430210325047, "@20": 0.8260038240917782, "@25": 0.8537284894837476, "@30": 0.8814531548757171, "@35": 0.8957934990439771, "@40": 0.9082217973231358, "@45": 0.9196940726577438, "@50": 0.9273422562141491}, "mrr": 0.481673463585999, "ndcg": 0.6332215390561183}}