{"CoNaLa": {"avg_candidate_rank": 6.81, "avg_best_candidate_rank": 5.572602739726028, "recall": {"@5": 0.688, "@10": 0.822, "@15": 0.874, "@20": 0.906, "@25": 0.93, "@30": 0.946, "@35": 0.958, "@40": 0.974, "@45": 0.978, "@50": 0.984}, "mrr": 0.5670639953123764, "ndcg": 0.6708279820379162}, "External Knowledge": {"avg_candidate_rank": 7.6826923076923075, "avg_best_candidate_rank": 7.243835616438356, "recall": {"@5": 0.7764423076923077, "@10": 0.8533653846153846, "@15": 0.8822115384615384, "@20": 0.9086538461538461, "@25": 0.9206730769230769, "@30": 0.9350961538461539, "@35": 0.9423076923076923, "@40": 0.9471153846153846, "@45": 0.9567307692307693, "@50": 0.9615384615384616}, "mrr": 0.6831232225056564, "ndcg": 0.7515319698448047}, "Web Query": {"avg_candidate_rank": 17.36998087954111, "avg_best_candidate_rank": 8.173996175908222, "recall": {"@5": 0.5525812619502868, "@10": 0.6978967495219885, "@15": 0.7753346080305927, "@20": 0.8097514340344169, "@25": 0.8451242829827916, "@30": 0.8747609942638623, "@35": 0.8948374760994264, "@40": 0.9034416826003824, "@45": 0.9158699808795411, "@50": 0.9206500956022945}, "mrr": 0.45324119265892904, "ndcg": 0.6102702659985685}, "CodeSearchNet": {"avg_candidate_rank": 70.29775432900433, "avg_best_candidate_rank": 60.96977306547619, "recall": {"@5": 0.8263437950937951, "@10": 0.8626893939393939, "@15": 0.8790584415584416, "@20": 0.89127886002886, "@25": 0.9000270562770563, "@30": 0.9069264069264069, "@35": 0.9112554112554112, "@40": 0.9160804473304474, "@45": 0.9197781385281385, "@50": 0.9237012987012987}, "mrr": 0.7591341231487378, "ndcg": 0.8067948429781472}}