{"CoNaLa": {"avg_candidate_rank": 27.95, "avg_best_candidate_rank": 22.156164383561645, "recall": {"@5": 0.334, "@10": 0.47, "@15": 0.568, "@20": 0.64, "@25": 0.694, "@30": 0.728, "@35": 0.758, "@40": 0.784, "@45": 0.808, "@50": 0.83}, "mrr": 0.2753826010089324, "ndcg": 0.42674085859297417}, "External Knowledge": {"avg_candidate_rank": 49.84855769230769, "avg_best_candidate_rank": 46.68767123287671, "recall": {"@5": 0.32211538461538464, "@10": 0.4423076923076923, "@15": 0.5360576923076923, "@20": 0.59375, "@25": 0.6370192307692307, "@30": 0.6586538461538461, "@35": 0.6754807692307693, "@40": 0.7019230769230769, "@45": 0.7235576923076923, "@50": 0.7283653846153846}, "mrr": 0.2593363949065203, "ndcg": 0.39899017308813317}, "Web Query": {"avg_candidate_rank": 74.81070745697897, "avg_best_candidate_rank": 40.44933078393881, "recall": {"@5": 0.22657743785850862, "@10": 0.32122370936902483, "@15": 0.4063097514340344, "@20": 0.4684512428298279, "@25": 0.5162523900573613, "@30": 0.5554493307839388, "@35": 0.5831739961759083, "@40": 0.6051625239005736, "@45": 0.6309751434034416, "@50": 0.6510516252390057}, "mrr": 0.1824031089093382, "ndcg": 0.37144628233494226}, "CodeSearchNet": {"avg_candidate_rank": 2598.7357052669554, "avg_best_candidate_rank": 2546.9794921875, "recall": {"@5": 0.040584415584415584, "@10": 0.06137265512265512, "@15": 0.07801226551226552, "@20": 0.09086399711399712, "@25": 0.10141594516594517, "@30": 0.11093073593073594, "@35": 0.12053571428571429, "@40": 0.12914862914862915, "@45": 0.1368596681096681, "@50": 0.1442550505050505}, "mrr": 0.0331569362560452, "ndcg": 0.14271431963792494}}