{"CoNaLa": {"avg_candidate_rank": 7.298, "avg_best_candidate_rank": 5.35068493150685, "recall": {"@5": 0.654, "@10": 0.798, "@15": 0.854, "@20": 0.896, "@25": 0.916, "@30": 0.94, "@35": 0.944, "@40": 0.956, "@45": 0.97, "@50": 0.978}, "mrr": 0.549569587489013, "ndcg": 0.657239985613153}, "External Knowledge": {"avg_candidate_rank": 6.451923076923077, "avg_best_candidate_rank": 6.054794520547945, "recall": {"@5": 0.7764423076923077, "@10": 0.875, "@15": 0.8942307692307693, "@20": 0.9206730769230769, "@25": 0.9399038461538461, "@30": 0.9519230769230769, "@35": 0.9567307692307693, "@40": 0.9663461538461539, "@45": 0.96875, "@50": 0.9711538461538461}, "mrr": 0.7051691000033328, "ndcg": 0.7704422121682118}, "Web Query": {"avg_candidate_rank": 16.667304015296367, "avg_best_candidate_rank": 7.604206500956023, "recall": {"@5": 0.5497131931166348, "@10": 0.6959847036328872, "@15": 0.7743785850860421, "@20": 0.8164435946462715, "@25": 0.8518164435946463, "@30": 0.878585086042065, "@35": 0.8957934990439771, "@40": 0.9091778202676865, "@45": 0.9168260038240917, "@50": 0.9263862332695985}, "mrr": 0.46356076163975385, "ndcg": 0.6185680877336541}, "CodeSearchNet": {"avg_candidate_rank": 53.280438311688314, "avg_best_candidate_rank": 45.79375930059524, "recall": {"@5": 0.8530844155844156, "@10": 0.8851911976911977, "@15": 0.9011093073593074, "@20": 0.9104437229437229, "@25": 0.9179743867243867, "@30": 0.9227994227994228, "@35": 0.9281204906204906, "@40": 0.9323593073593074, "@45": 0.935966810966811, "@50": 0.9384018759018758}, "mrr": 0.7893260057740771, "ndcg": 0.8319949287686035}}