{"CoNaLa": {"avg_candidate_rank": 7.81, "avg_best_candidate_rank": 5.646575342465753, "recall": {"@5": 0.686, "@10": 0.814, "@15": 0.866, "@20": 0.902, "@25": 0.926, "@30": 0.944, "@35": 0.954, "@40": 0.964, "@45": 0.968, "@50": 0.976}, "mrr": 0.5763538305979635, "ndcg": 0.6789608494465992}, "External Knowledge": {"avg_candidate_rank": 4.4423076923076925, "avg_best_candidate_rank": 2.978082191780822, "recall": {"@5": 0.9206730769230769, "@10": 0.9615384615384616, "@15": 0.9663461538461539, "@20": 0.9711538461538461, "@25": 0.9807692307692307, "@30": 0.9807692307692307, "@35": 0.9831730769230769, "@40": 0.9855769230769231, "@45": 0.9855769230769231, "@50": 0.9855769230769231}, "mrr": 0.8679006384844323, "ndcg": 0.8982991556498067}, "Web Query": {"avg_candidate_rank": 17.54110898661568, "avg_best_candidate_rank": 9.187380497131931, "recall": {"@5": 0.5898661567877629, "@10": 0.737093690248566, "@15": 0.8021032504780115, "@20": 0.8499043977055449, "@25": 0.869980879541109, "@30": 0.890057361376673, "@35": 0.9024856596558317, "@40": 0.9101338432122371, "@45": 0.9149139579349904, "@50": 0.9177820267686424}, "mrr": 0.4816664698451002, "ndcg": 0.633381641043172}}