{"CoNaLa": {"avg_candidate_rank": 39.914, "avg_best_candidate_rank": 35.64383561643836, "recall": {"@5": 0.416, "@10": 0.526, "@15": 0.602, "@20": 0.652, "@25": 0.684, "@30": 0.72, "@35": 0.738, "@40": 0.754, "@45": 0.768, "@50": 0.786}, "mrr": 0.3339988589932336, "ndcg": 0.47195160626331184}, "External Knowledge": {"avg_candidate_rank": 10.492788461538462, "avg_best_candidate_rank": 9.284931506849315, "recall": {"@5": 0.8173076923076923, "@10": 0.8725961538461539, "@15": 0.9038461538461539, "@20": 0.9110576923076923, "@25": 0.9230769230769231, "@30": 0.9326923076923077, "@35": 0.9423076923076923, "@40": 0.9447115384615384, "@45": 0.9519230769230769, "@50": 0.9567307692307693}, "mrr": 0.7161410403565474, "ndcg": 0.7789440755454402}, "CodeSearchNet": {"avg_candidate_rank": 35.34102030192608, "avg_best_candidate_rank": 35.3517496354926, "recall": {"@5": 0.9600208224882874, "@10": 0.9641332639250391, "@15": 0.9661634565330557, "@20": 0.9680374804789172, "@25": 0.9692868297761582, "@30": 0.9701197293076522, "@35": 0.9709526288391462, "@40": 0.9715773034877668, "@45": 0.9720458094742321, "@50": 0.9724102030192608}, "mrr": 0.9489252294155518, "ndcg": 0.957320553391659}}