{"CoNaLa": {"avg_candidate_rank": 7.16, "avg_best_candidate_rank": 5.6136986301369864, "recall": {"@5": 0.692, "@10": 0.822, "@15": 0.87, "@20": 0.908, "@25": 0.93, "@30": 0.944, "@35": 0.956, "@40": 0.96, "@45": 0.966, "@50": 0.978}, "mrr": 0.5611789813036094, "ndcg": 0.6667769717658119}, "External Knowledge": {"avg_candidate_rank": 7.084134615384615, "avg_best_candidate_rank": 6.6876712328767125, "recall": {"@5": 0.7427884615384616, "@10": 0.8557692307692307, "@15": 0.8966346153846154, "@20": 0.9158653846153846, "@25": 0.9375, "@30": 0.9471153846153846, "@35": 0.9519230769230769, "@40": 0.9567307692307693, "@45": 0.9615384615384616, "@50": 0.9711538461538461}, "mrr": 0.6844328690117324, "ndcg": 0.7535915594155196}, "Web Query": {"avg_candidate_rank": 18.064053537284895, "avg_best_candidate_rank": 8.474187380497131, "recall": {"@5": 0.5611854684512428, "@10": 0.6950286806883366, "@15": 0.7762906309751434, "@20": 0.8116634799235182, "@25": 0.8403441682600382, "@30": 0.864244741873805, "@35": 0.884321223709369, "@40": 0.904397705544933, "@45": 0.9139579349904398, "@50": 0.9225621414913958}, "mrr": 0.4556340751332939, "ndcg": 0.6119214768775569}, "CodeSearchNet": {"avg_candidate_rank": 60.892361111111114, "avg_best_candidate_rank": 52.089146205357146, "recall": {"@5": 0.8458694083694084, "@10": 0.878742784992785, "@15": 0.8938492063492064, "@20": 0.9062950937950938, "@25": 0.9132395382395382, "@30": 0.9189213564213564, "@35": 0.9232954545454546, "@40": 0.9277597402597403, "@45": 0.9310966810966811, "@50": 0.934208152958153}, "mrr": 0.7801406085244438, "ndcg": 0.8242868838541613}}