{"CoNaLa": {"avg_candidate_rank": 6.802, "avg_best_candidate_rank": 3.5945205479452054, "recall": {"@5": 0.77, "@10": 0.846, "@15": 0.892, "@20": 0.916, "@25": 0.944, "@30": 0.956, "@35": 0.962, "@40": 0.968, "@45": 0.972, "@50": 0.974}, "mrr": 0.652352336179382, "ndcg": 0.739055477444105}, "External Knowledge": {"avg_candidate_rank": 3.6274038461538463, "avg_best_candidate_rank": 2.706849315068493, "recall": {"@5": 0.9014423076923077, "@10": 0.9399038461538461, "@15": 0.9591346153846154, "@20": 0.9663461538461539, "@25": 0.96875, "@30": 0.96875, "@35": 0.9711538461538461, "@40": 0.9711538461538461, "@45": 0.9735576923076923, "@50": 0.9783653846153846}, "mrr": 0.8382299750785243, "ndcg": 0.8760823173416633}, "Web Query": {"avg_candidate_rank": 21.877629063097515, "avg_best_candidate_rank": 8.539196940726578, "recall": {"@5": 0.5602294455066922, "@10": 0.6902485659655831, "@15": 0.760038240917782, "@20": 0.8068833652007649, "@25": 0.8346080305927343, "@30": 0.8527724665391969, "@35": 0.864244741873805, "@40": 0.8747609942638623, "@45": 0.8804971319311663, "@50": 0.8938814531548758}, "mrr": 0.47171763981723025, "ndcg": 0.6261464054725864}}