{"CoNaLa": {"avg_candidate_rank": 7.228, "avg_best_candidate_rank": 5.3123287671232875, "recall": {"@5": 0.692, "@10": 0.814, "@15": 0.862, "@20": 0.9, "@25": 0.922, "@30": 0.946, "@35": 0.962, "@40": 0.962, "@45": 0.968, "@50": 0.97}, "mrr": 0.5392180363155599, "ndcg": 0.6498472405891131}, "External Knowledge": {"avg_candidate_rank": 7.274038461538462, "avg_best_candidate_rank": 6.605479452054794, "recall": {"@5": 0.7475961538461539, "@10": 0.8389423076923077, "@15": 0.8822115384615384, "@20": 0.9086538461538461, "@25": 0.9302884615384616, "@30": 0.9423076923076923, "@35": 0.9471153846153846, "@40": 0.9543269230769231, "@45": 0.9567307692307693, "@50": 0.9567307692307693}, "mrr": 0.6764491733212145, "ndcg": 0.7478054888817337}, "Web Query": {"avg_candidate_rank": 19.31548757170172, "avg_best_candidate_rank": 8.759082217973232, "recall": {"@5": 0.5544933078393881, "@10": 0.7036328871892925, "@15": 0.7734225621414914, "@20": 0.8154875717017208, "@25": 0.8393881453154876, "@30": 0.861376673040153, "@35": 0.8833652007648184, "@40": 0.8977055449330784, "@45": 0.904397705544933, "@50": 0.9130019120458891}, "mrr": 0.45283004648935465, "ndcg": 0.6112905643231317}, "CodeSearchNet": {"avg_candidate_rank": 401.5595689033189, "avg_best_candidate_rank": 376.1038876488095, "recall": {"@5": 0.4200487012987013, "@10": 0.4963924963924964, "@15": 0.5395472582972582, "@20": 0.5699404761904762, "@25": 0.5937049062049062, "@30": 0.6111111111111112, "@35": 0.6254960317460317, "@40": 0.6391594516594516, "@45": 0.6509289321789322, "@50": 0.6613906926406926}, "mrr": 0.33304017740190395, "ndcg": 0.4446850407298861}}