{"CoNaLa": {"avg_candidate_rank": 9.272, "avg_best_candidate_rank": 7.079452054794521, "recall": {"@5": 0.632, "@10": 0.794, "@15": 0.842, "@20": 0.878, "@25": 0.9, "@30": 0.924, "@35": 0.938, "@40": 0.948, "@45": 0.95, "@50": 0.958}, "mrr": 0.5320338925792373, "ndcg": 0.6422295410282918}, "External Knowledge": {"avg_candidate_rank": 8.651442307692308, "avg_best_candidate_rank": 8.032876712328767, "recall": {"@5": 0.7331730769230769, "@10": 0.8317307692307693, "@15": 0.8653846153846154, "@20": 0.8990384615384616, "@25": 0.9134615384615384, "@30": 0.9254807692307693, "@35": 0.9350961538461539, "@40": 0.9423076923076923, "@45": 0.9471153846153846, "@50": 0.9543269230769231}, "mrr": 0.6839461242789686, "ndcg": 0.751181711630352}, "Web Query": {"avg_candidate_rank": 21.20076481835564, "avg_best_candidate_rank": 9.992351816443595, "recall": {"@5": 0.5239005736137667, "@10": 0.6797323135755258, "@15": 0.7390057361376673, "@20": 0.777246653919694, "@25": 0.8183556405353728, "@30": 0.8499043977055449, "@35": 0.8690248565965584, "@40": 0.8814531548757171, "@45": 0.8910133843212237, "@50": 0.9034416826003824}, "mrr": 0.4329335938928929, "ndcg": 0.5948064644894847}, "CodeSearchNet": {"avg_candidate_rank": 72.18574134199135, "avg_best_candidate_rank": 63.67475818452381, "recall": {"@5": 0.8315295815295816, "@10": 0.8658459595959596, "@15": 0.8835227272727273, "@20": 0.8947510822510822, "@25": 0.9035443722943723, "@30": 0.9103535353535354, "@35": 0.9154040404040404, "@40": 0.919237012987013, "@45": 0.9232954545454546, "@50": 0.9263167388167388}, "mrr": 0.7661431862861461, "ndcg": 0.8124050375739047}}