{"CoNaLa": {"avg_candidate_rank": 7.624, "avg_best_candidate_rank": 5.627397260273972, "recall": {"@5": 0.68, "@10": 0.804, "@15": 0.862, "@20": 0.892, "@25": 0.912, "@30": 0.936, "@35": 0.958, "@40": 0.962, "@45": 0.966, "@50": 0.97}, "mrr": 0.5342984190154645, "ndcg": 0.6460920433965552}, "External Knowledge": {"avg_candidate_rank": 6.913461538461538, "avg_best_candidate_rank": 6.427397260273972, "recall": {"@5": 0.75, "@10": 0.8413461538461539, "@15": 0.8870192307692307, "@20": 0.9182692307692307, "@25": 0.9326923076923077, "@30": 0.9447115384615384, "@35": 0.9519230769230769, "@40": 0.9591346153846154, "@45": 0.9615384615384616, "@50": 0.9639423076923077}, "mrr": 0.6667443153839987, "ndcg": 0.7404562857252691}, "Web Query": {"avg_candidate_rank": 20.292543021032504, "avg_best_candidate_rank": 9.977055449330784, "recall": {"@5": 0.5458891013384322, "@10": 0.7017208413001912, "@15": 0.7724665391969407, "@20": 0.8183556405353728, "@25": 0.8432122370936902, "@30": 0.8680688336520076, "@35": 0.8852772466539197, "@40": 0.8977055449330784, "@45": 0.9015296367112811, "@50": 0.9053537284894837}, "mrr": 0.45208835165512595, "ndcg": 0.6108167548138432}, "CodeSearchNet": {"avg_candidate_rank": 385.9046266233766, "avg_best_candidate_rank": 362.3804873511905, "recall": {"@5": 0.4215818903318903, "@10": 0.496257215007215, "@15": 0.5401334776334776, "@20": 0.570661976911977, "@25": 0.5938401875901876, "@30": 0.6121482683982684, "@35": 0.6265782828282829, "@40": 0.6408730158730159, "@45": 0.6530032467532467, "@50": 0.6630140692640693}, "mrr": 0.3330533930228154, "ndcg": 0.44485478788830013}}