{"CoNaLa": {"avg_candidate_rank": 11.12, "avg_best_candidate_rank": 5.720547945205479, "recall": {"@5": 0.684, "@10": 0.808, "@15": 0.866, "@20": 0.898, "@25": 0.92, "@30": 0.938, "@35": 0.944, "@40": 0.952, "@45": 0.958, "@50": 0.96}, "mrr": 0.5539713778233079, "ndcg": 0.6630172914751634}, "External Knowledge": {"avg_candidate_rank": 6.247596153846154, "avg_best_candidate_rank": 4.857534246575343, "recall": {"@5": 0.8581730769230769, "@10": 0.9086538461538461, "@15": 0.9326923076923077, "@20": 0.9423076923076923, "@25": 0.9519230769230769, "@30": 0.9639423076923077, "@35": 0.9663461538461539, "@40": 0.96875, "@45": 0.9735576923076923, "@50": 0.9735576923076923}, "mrr": 0.7622843685360724, "ndcg": 0.8155107729529014}, "Web Query": {"avg_candidate_rank": 16.511472275334608, "avg_best_candidate_rank": 8.17017208413002, "recall": {"@5": 0.5812619502868069, "@10": 0.7447418738049714, "@15": 0.8068833652007649, "@20": 0.8403441682600382, "@25": 0.8652007648183556, "@30": 0.878585086042065, "@35": 0.8919694072657743, "@40": 0.9063097514340345, "@45": 0.9130019120458891, "@50": 0.9225621414913958}, "mrr": 0.4818249494549512, "ndcg": 0.6360557676914801}}