{"CoNaLa": {"avg_candidate_rank": 14.4, "avg_best_candidate_rank": 6.435616438356164, "recall": {"@5": 0.674, "@10": 0.802, "@15": 0.87, "@20": 0.914, "@25": 0.928, "@30": 0.94, "@35": 0.944, "@40": 0.948, "@45": 0.954, "@50": 0.96}, "mrr": 0.5826876612681487, "ndcg": 0.6862697987684474}, "External Knowledge": {"avg_candidate_rank": 13.483173076923077, "avg_best_candidate_rank": 11.863013698630137, "recall": {"@5": 0.7091346153846154, "@10": 0.8221153846153846, "@15": 0.8725961538461539, "@20": 0.8918269230769231, "@25": 0.9014423076923077, "@30": 0.9014423076923077, "@35": 0.9158653846153846, "@40": 0.9302884615384616, "@45": 0.9326923076923077, "@50": 0.9375}, "mrr": 0.6080842901835196, "ndcg": 0.6931026239978988}, "Web Query": {"avg_candidate_rank": 31.44168260038241, "avg_best_candidate_rank": 10.965583173996176, "recall": {"@5": 0.5124282982791587, "@10": 0.6453154875717018, "@15": 0.7246653919694073, "@20": 0.7667304015296367, "@25": 0.7934990439770554, "@30": 0.8202676864244742, "@35": 0.8374760994263862, "@40": 0.8508604206500956, "@45": 0.8680688336520076, "@50": 0.869980879541109}, "mrr": 0.40907286890293854, "ndcg": 0.5749082137527693}, "CodeSearchNet": {"avg_candidate_rank": 944.5141594516595, "avg_best_candidate_rank": 914.850353422619, "recall": {"@5": 0.255275974025974, "@10": 0.3235479797979798, "@15": 0.3654852092352092, "@20": 0.3952020202020202, "@25": 0.42063492063492064, "@30": 0.44056637806637805, "@35": 0.45648448773448774, "@40": 0.4725378787878788, "@45": 0.48683261183261184, "@50": 0.4989177489177489}, "mrr": 0.1972480788754001, "ndcg": 0.31823756231692607}}