{"CoNaLa": {"avg_candidate_rank": 102.886, "avg_best_candidate_rank": 84.12054794520547, "recall": {"@5": 0.054, "@10": 0.104, "@15": 0.144, "@20": 0.2, "@25": 0.23, "@30": 0.264, "@35": 0.3, "@40": 0.344, "@45": 0.372, "@50": 0.4}, "mrr": 0.06046368467992569, "ndcg": 0.21876028425726654}, "External Knowledge": {"avg_candidate_rank": 156.29807692307693, "avg_best_candidate_rank": 149.84109589041097, "recall": {"@5": 0.03125, "@10": 0.06490384615384616, "@15": 0.09375, "@20": 0.10817307692307693, "@25": 0.13942307692307693, "@30": 0.1466346153846154, "@35": 0.17067307692307693, "@40": 0.18269230769230768, "@45": 0.19951923076923078, "@50": 0.22115384615384615}, "mrr": 0.03229154951954138, "ndcg": 0.1746166328718935}, "Web Query": {"avg_candidate_rank": 201.62141491395795, "avg_best_candidate_rank": 123.8565965583174, "recall": {"@5": 0.018164435946462717, "@10": 0.0372848948374761, "@15": 0.05640535372848948, "@20": 0.06787762906309751, "@25": 0.08221797323135756, "@30": 0.1022944550669216, "@35": 0.13575525812619502, "@40": 0.15009560229445507, "@45": 0.1577437858508604, "@50": 0.17208413001912046}, "mrr": 0.0242921137518993, "ndcg": 0.19012811204810223}, "CodeSearchNet": {"avg_candidate_rank": 6839.586625180375, "avg_best_candidate_rank": 6780.814453125, "recall": {"@5": 0.0006313131313131314, "@10": 0.0012626262626262627, "@15": 0.0021194083694083695, "@20": 0.0026605339105339105, "@25": 0.003336940836940837, "@30": 0.004103535353535354, "@35": 0.00487012987012987, "@40": 0.005636724386724387, "@45": 0.006448412698412698, "@50": 0.00698953823953824}, "mrr": 0.0011888770430536493, "ndcg": 0.08673509281156015}}