{"CoNaLa": {"avg_candidate_rank": 9.724, "avg_best_candidate_rank": 4.6876712328767125, "recall": {"@5": 0.716, "@10": 0.824, "@15": 0.876, "@20": 0.896, "@25": 0.928, "@30": 0.942, "@35": 0.952, "@40": 0.958, "@45": 0.974, "@50": 0.976}, "mrr": 0.5986969077008256, "ndcg": 0.6973944485653625}, "External Knowledge": {"avg_candidate_rank": 4.262019230769231, "avg_best_candidate_rank": 2.728767123287671, "recall": {"@5": 0.9014423076923077, "@10": 0.9350961538461539, "@15": 0.9519230769230769, "@20": 0.9591346153846154, "@25": 0.9663461538461539, "@30": 0.9711538461538461, "@35": 0.9759615384615384, "@40": 0.9783653846153846, "@45": 0.9783653846153846, "@50": 0.9807692307692307}, "mrr": 0.8439813413635646, "ndcg": 0.8789703715784681}, "Web Query": {"avg_candidate_rank": 17.620458891013385, "avg_best_candidate_rank": 8.65774378585086, "recall": {"@5": 0.607074569789675, "@10": 0.7562141491395793, "@15": 0.8078393881453155, "@20": 0.8355640535372849, "@25": 0.864244741873805, "@30": 0.8795411089866156, "@35": 0.8967495219885278, "@40": 0.9120458891013384, "@45": 0.9244741873804971, "@50": 0.9340344168260039}, "mrr": 0.5033553766687054, "ndcg": 0.6519266608538004}}