{"CoNaLa": {"avg_candidate_rank": 12.97, "avg_best_candidate_rank": 6.126027397260274, "recall": {"@5": 0.63, "@10": 0.778, "@15": 0.842, "@20": 0.878, "@25": 0.89, "@30": 0.906, "@35": 0.924, "@40": 0.934, "@45": 0.942, "@50": 0.944}, "mrr": 0.5314906638126108, "ndcg": 0.6436753345235552}, "External Knowledge": {"avg_candidate_rank": 12.242788461538462, "avg_best_candidate_rank": 11.553424657534247, "recall": {"@5": 0.7307692307692307, "@10": 0.8125, "@15": 0.8653846153846154, "@20": 0.8870192307692307, "@25": 0.9110576923076923, "@30": 0.9302884615384616, "@35": 0.9350961538461539, "@40": 0.9350961538461539, "@45": 0.9375, "@50": 0.9423076923076923}, "mrr": 0.6348964626040978, "ndcg": 0.7133340574760215}, "Web Query": {"avg_candidate_rank": 21.15391969407266, "avg_best_candidate_rank": 8.108986615678777, "recall": {"@5": 0.5219885277246654, "@10": 0.6500956022944551, "@15": 0.7409177820267686, "@20": 0.7906309751434034, "@25": 0.8250478011472275, "@30": 0.8479923518164436, "@35": 0.8652007648183556, "@40": 0.8776290630975143, "@45": 0.890057361376673, "@50": 0.8977055449330784}, "mrr": 0.4243172960070427, "ndcg": 0.5892668906618647}, "CodeSearchNet": {"avg_candidate_rank": 130.68438852813853, "avg_best_candidate_rank": 115.583984375, "recall": {"@5": 0.7673160173160173, "@10": 0.8090728715728716, "@15": 0.8298160173160173, "@20": 0.8433892496392497, "@25": 0.85385101010101, "@30": 0.8627344877344877, "@35": 0.8704906204906205, "@40": 0.8766233766233766, "@45": 0.8816287878787878, "@50": 0.886002886002886}, "mrr": 0.6966367846491939, "ndcg": 0.7538587428884789}}