{"CoNaLa": {"avg_candidate_rank": 12.908, "avg_best_candidate_rank": 6.1287671232876715, "recall": {"@5": 0.63, "@10": 0.776, "@15": 0.84, "@20": 0.876, "@25": 0.888, "@30": 0.906, "@35": 0.924, "@40": 0.936, "@45": 0.942, "@50": 0.95}, "mrr": 0.5387959877240251, "ndcg": 0.6492255718054621}, "External Knowledge": {"avg_candidate_rank": 12.242788461538462, "avg_best_candidate_rank": 11.553424657534247, "recall": {"@5": 0.7307692307692307, "@10": 0.8125, "@15": 0.8653846153846154, "@20": 0.8870192307692307, "@25": 0.9110576923076923, "@30": 0.9302884615384616, "@35": 0.9350961538461539, "@40": 0.9350961538461539, "@45": 0.9375, "@50": 0.9423076923076923}, "mrr": 0.6348964626040978, "ndcg": 0.7133340574760215}, "Web Query": {"avg_candidate_rank": 21.967495219885276, "avg_best_candidate_rank": 8.353728489483748, "recall": {"@5": 0.5191204588910134, "@10": 0.6500956022944551, "@15": 0.739961759082218, "@20": 0.7887189292543021, "@25": 0.8231357552581262, "@30": 0.8432122370936902, "@35": 0.8604206500956023, "@40": 0.8738049713193117, "@45": 0.8862332695984704, "@50": 0.892925430210325}, "mrr": 0.4225938969760936, "ndcg": 0.5881107082341557}, "CodeSearchNet": {"avg_candidate_rank": 554.4923791486292, "avg_best_candidate_rank": 526.7276320684524, "recall": {"@5": 0.338699494949495, "@10": 0.40945165945165946, "@15": 0.4531024531024531, "@20": 0.4848935786435786, "@25": 0.5091089466089466, "@30": 0.5311147186147186, "@35": 0.5480248917748918, "@40": 0.5612824675324676, "@45": 0.5738185425685426, "@50": 0.5858585858585859}, "mrr": 0.2673607227833458, "ndcg": 0.3839094156564377}}