{"CoNaLa": {"avg_candidate_rank": 13.11, "avg_best_candidate_rank": 7.501369863013698, "recall": {"@5": 0.616, "@10": 0.74, "@15": 0.794, "@20": 0.828, "@25": 0.87, "@30": 0.902, "@35": 0.914, "@40": 0.924, "@45": 0.934, "@50": 0.938}, "mrr": 0.48469894226802723, "ndcg": 0.6049523444417501}, "External Knowledge": {"avg_candidate_rank": 11.21875, "avg_best_candidate_rank": 10.802739726027397, "recall": {"@5": 0.7548076923076923, "@10": 0.8221153846153846, "@15": 0.875, "@20": 0.9014423076923077, "@25": 0.9182692307692307, "@30": 0.9326923076923077, "@35": 0.9447115384615384, "@40": 0.9447115384615384, "@45": 0.9447115384615384, "@50": 0.9471153846153846}, "mrr": 0.6566138745400063, "ndcg": 0.7302175533872125}, "Web Query": {"avg_candidate_rank": 21.723709369024856, "avg_best_candidate_rank": 9.369024856596559, "recall": {"@5": 0.5066921606118547, "@10": 0.6424474187380497, "@15": 0.7103250478011472, "@20": 0.7590822179732314, "@25": 0.7963671128107075, "@30": 0.8212237093690249, "@35": 0.8451242829827916, "@40": 0.8632887189292543, "@45": 0.878585086042065, "@50": 0.8891013384321224}, "mrr": 0.4054564577101768, "ndcg": 0.5713343787415077}, "CodeSearchNet": {"avg_candidate_rank": 101.60186688311688, "avg_best_candidate_rank": 92.13444010416667, "recall": {"@5": 0.7597402597402597, "@10": 0.8073593073593074, "@15": 0.8303571428571429, "@20": 0.8476731601731602, "@25": 0.8593524531024531, "@30": 0.8673791486291487, "@35": 0.8761273448773449, "@40": 0.8829365079365079, "@45": 0.8879419191919192, "@50": 0.8922709235209235}, "mrr": 0.6800683625706061, "ndcg": 0.7415636098133186}}