{"CoNaLa": {"avg_candidate_rank": 9.674, "avg_best_candidate_rank": 7.063013698630137, "recall": {"@5": 0.63, "@10": 0.778, "@15": 0.834, "@20": 0.884, "@25": 0.914, "@30": 0.926, "@35": 0.934, "@40": 0.942, "@45": 0.948, "@50": 0.952}, "mrr": 0.5070087523462671, "ndcg": 0.6224732095570645}, "External Knowledge": {"avg_candidate_rank": 8.932692307692308, "avg_best_candidate_rank": 8.564383561643835, "recall": {"@5": 0.7475961538461539, "@10": 0.8485576923076923, "@15": 0.875, "@20": 0.8942307692307693, "@25": 0.9158653846153846, "@30": 0.9278846153846154, "@35": 0.9350961538461539, "@40": 0.9423076923076923, "@45": 0.9519230769230769, "@50": 0.9591346153846154}, "mrr": 0.6648662224197724, "ndcg": 0.7367605320338236}, "Web Query": {"avg_candidate_rank": 20.449330783938816, "avg_best_candidate_rank": 8.709369024856597, "recall": {"@5": 0.5162523900573613, "@10": 0.6586998087954111, "@15": 0.7332695984703633, "@20": 0.7887189292543021, "@25": 0.8231357552581262, "@30": 0.8479923518164436, "@35": 0.8661567877629063, "@40": 0.875717017208413, "@45": 0.8986615678776291, "@50": 0.9110898661567878}, "mrr": 0.42785074237033816, "ndcg": 0.5908212311345478}, "CodeSearchNet": {"avg_candidate_rank": 70.50974025974025, "avg_best_candidate_rank": 61.92573474702381, "recall": {"@5": 0.8348665223665224, "@10": 0.871482683982684, "@15": 0.887987012987013, "@20": 0.899440836940837, "@25": 0.9069264069264069, "@30": 0.9132846320346321, "@35": 0.9187409812409812, "@40": 0.9234307359307359, "@45": 0.9264069264069265, "@50": 0.9289321789321789}, "mrr": 0.7709279827675011, "ndcg": 0.8163338599716605}}