{"CoNaLa": {"avg_candidate_rank": 223.428, "avg_best_candidate_rank": 204.35342465753425, "recall": {"@5": 0.03, "@10": 0.05, "@15": 0.064, "@20": 0.082, "@25": 0.086, "@30": 0.098, "@35": 0.122, "@40": 0.13, "@45": 0.154, "@50": 0.172}, "mrr": 0.02759542885829559, "ndcg": 0.16749510489929703}, "External Knowledge": {"avg_candidate_rank": 172.3533653846154, "avg_best_candidate_rank": 165.4849315068493, "recall": {"@5": 0.08653846153846154, "@10": 0.12259615384615384, "@15": 0.1466346153846154, "@20": 0.1778846153846154, "@25": 0.18990384615384615, "@30": 0.21153846153846154, "@35": 0.2283653846153846, "@40": 0.24278846153846154, "@45": 0.25240384615384615, "@50": 0.2668269230769231}, "mrr": 0.06481944382571281, "ndcg": 0.20366932047808153}, "Web Query": {"avg_candidate_rank": 354.7466539196941, "avg_best_candidate_rank": 226.33460803059273, "recall": {"@5": 0.0124282982791587, "@10": 0.033460803059273424, "@15": 0.04780114722753346, "@20": 0.0621414913957935, "@25": 0.06883365200764818, "@30": 0.0745697896749522, "@35": 0.08891013384321224, "@40": 0.10325047801147227, "@45": 0.1089866156787763, "@50": 0.11663479923518165}, "mrr": 0.016167373287913327, "ndcg": 0.16971975666684874}, "CodeSearchNet": {"avg_candidate_rank": 4673.326884920635, "avg_best_candidate_rank": 4607.168712797619, "recall": {"@5": 0.16756854256854256, "@10": 0.19142316017316016, "@15": 0.20643939393939395, "@20": 0.2171266233766234, "@25": 0.2261002886002886, "@30": 0.23390151515151514, "@35": 0.24111652236652237, "@40": 0.24639249639249639, "@45": 0.25207431457431456, "@50": 0.25698953823953824}, "mrr": 0.1409936402516401, "ndcg": 0.23410386019642965}}