{"CoNaLa": {"avg_candidate_rank": 222.996, "avg_best_candidate_rank": 203.06849315068493, "recall": {"@5": 0.03, "@10": 0.05, "@15": 0.064, "@20": 0.08, "@25": 0.088, "@30": 0.1, "@35": 0.122, "@40": 0.132, "@45": 0.152, "@50": 0.17}, "mrr": 0.02770768055806378, "ndcg": 0.1677479700118768}, "External Knowledge": {"avg_candidate_rank": 172.3533653846154, "avg_best_candidate_rank": 165.4849315068493, "recall": {"@5": 0.08653846153846154, "@10": 0.12259615384615384, "@15": 0.1466346153846154, "@20": 0.1778846153846154, "@25": 0.18990384615384615, "@30": 0.21153846153846154, "@35": 0.2283653846153846, "@40": 0.24278846153846154, "@45": 0.25240384615384615, "@50": 0.2668269230769231}, "mrr": 0.06481944382571281, "ndcg": 0.20366932047808153}, "Web Query": {"avg_candidate_rank": 356.6739961759082, "avg_best_candidate_rank": 229.66921606118547, "recall": {"@5": 0.004780114722753346, "@10": 0.015296367112810707, "@15": 0.020076481835564052, "@20": 0.030592734225621414, "@25": 0.04875717017208413, "@30": 0.0621414913957935, "@35": 0.07934990439770555, "@40": 0.09177820267686425, "@45": 0.10133843212237094, "@50": 0.10516252390057361}, "mrr": 0.012553249747148004, "ndcg": 0.1644950345393879}, "CodeSearchNet": {"avg_candidate_rank": 8184.199945887446, "avg_best_candidate_rank": 8107.000232514881, "recall": {"@5": 0.006944444444444444, "@10": 0.010777417027417028, "@15": 0.013663419913419914, "@20": 0.016459235209235208, "@25": 0.018623737373737372, "@30": 0.019976551226551228, "@35": 0.022141053391053392, "@40": 0.023854617604617604, "@45": 0.02592893217893218, "@50": 0.027462121212121212}, "mrr": 0.006293282572033651, "ndcg": 0.0921988074330927}}