{"CoNaLa": {"avg_candidate_rank": 40.884, "avg_best_candidate_rank": 39.18356164383562, "recall": {"@5": 0.37, "@10": 0.516, "@15": 0.6, "@20": 0.668, "@25": 0.702, "@30": 0.736, "@35": 0.754, "@40": 0.77, "@45": 0.788, "@50": 0.804}, "mrr": 0.3023285535404052, "ndcg": 0.4452741355483001}, "External Knowledge": {"avg_candidate_rank": 9.846153846153847, "avg_best_candidate_rank": 8.583561643835617, "recall": {"@5": 0.7644230769230769, "@10": 0.8365384615384616, "@15": 0.8774038461538461, "@20": 0.9014423076923077, "@25": 0.9110576923076923, "@30": 0.9182692307692307, "@35": 0.9326923076923077, "@40": 0.9399038461538461, "@45": 0.9519230769230769, "@50": 0.9519230769230769}, "mrr": 0.6586108597645048, "ndcg": 0.7347351664611008}, "CodeSearchNet": {"avg_candidate_rank": 25.106611140031234, "avg_best_candidate_rank": 25.114142886898563, "recall": {"@5": 0.9551795939614784, "@10": 0.9606975533576262, "@15": 0.9629359708485163, "@20": 0.9648620510150963, "@25": 0.9660072878709006, "@30": 0.9672045809474232, "@35": 0.9680895366996356, "@40": 0.9687142113482561, "@45": 0.9690786048932848, "@50": 0.9697553357626236}, "mrr": 0.9421935224325853, "ndcg": 0.9519364715393879}}