{"CoNaLa": {"avg_candidate_rank": 7.332, "avg_best_candidate_rank": 5.517808219178082, "recall": {"@5": 0.716, "@10": 0.826, "@15": 0.874, "@20": 0.902, "@25": 0.93, "@30": 0.952, "@35": 0.96, "@40": 0.968, "@45": 0.968, "@50": 0.97}, "mrr": 0.5760281998864737, "ndcg": 0.6784573918729766}, "External Knowledge": {"avg_candidate_rank": 2.8389423076923075, "avg_best_candidate_rank": 2.043835616438356, "recall": {"@5": 0.9230769230769231, "@10": 0.9591346153846154, "@15": 0.9735576923076923, "@20": 0.9831730769230769, "@25": 0.9855769230769231, "@30": 0.9855769230769231, "@35": 0.9855769230769231, "@40": 0.9855769230769231, "@45": 0.9879807692307693, "@50": 0.9879807692307693}, "mrr": 0.8726584454129054, "ndcg": 0.9027246016000934}, "Web Query": {"avg_candidate_rank": 20.641491395793498, "avg_best_candidate_rank": 9.921606118546846, "recall": {"@5": 0.5544933078393881, "@10": 0.6921606118546845, "@15": 0.7609942638623327, "@20": 0.7973231357552581, "@25": 0.8393881453154876, "@30": 0.861376673040153, "@35": 0.8814531548757171, "@40": 0.8910133843212237, "@45": 0.904397705544933, "@50": 0.9101338432122371}, "mrr": 0.4522199970127883, "ndcg": 0.6116872743366246}}