{"CoNaLa": {"avg_candidate_rank": 6.374, "avg_best_candidate_rank": 5.336986301369863, "recall": {"@5": 0.636, "@10": 0.806, "@15": 0.888, "@20": 0.926, "@25": 0.956, "@30": 0.962, "@35": 0.97, "@40": 0.972, "@45": 0.978, "@50": 0.978}, "mrr": 0.5506266770583906, "ndcg": 0.658415026390032}, "External Knowledge": {"avg_candidate_rank": 7.877403846153846, "avg_best_candidate_rank": 6.6136986301369864, "recall": {"@5": 0.7932692307692307, "@10": 0.875, "@15": 0.9182692307692307, "@20": 0.9278846153846154, "@25": 0.9375, "@30": 0.9447115384615384, "@35": 0.9519230769230769, "@40": 0.9591346153846154, "@45": 0.9663461538461539, "@50": 0.9711538461538461}, "mrr": 0.6904669673064343, "ndcg": 0.7602313224043007}, "Web Query": {"avg_candidate_rank": 16.410133843212236, "avg_best_candidate_rank": 7.395793499043977, "recall": {"@5": 0.5478011472275335, "@10": 0.7026768642447419, "@15": 0.777246653919694, "@20": 0.8154875717017208, "@25": 0.8556405353728489, "@30": 0.872848948374761, "@35": 0.892925430210325, "@40": 0.9130019120458891, "@45": 0.9196940726577438, "@50": 0.9263862332695985}, "mrr": 0.4517127381605832, "ndcg": 0.6101943568365499}, "CodeSearchNet": {"avg_candidate_rank": 350.762987012987, "avg_best_candidate_rank": 329.0161365327381, "recall": {"@5": 0.4191017316017316, "@10": 0.4969787157287157, "@15": 0.5427940115440115, "@20": 0.5734577922077922, "@25": 0.5966810966810967, "@30": 0.6173791486291487, "@35": 0.6351911976911977, "@40": 0.6490349927849928, "@45": 0.6625180375180375, "@50": 0.6737914862914863}, "mrr": 0.32707524106521957, "ndcg": 0.44136777176109104}}