{"CoNaLa": {"avg_candidate_rank": 12.752, "avg_best_candidate_rank": 4.950684931506849, "recall": {"@5": 0.66, "@10": 0.804, "@15": 0.852, "@20": 0.892, "@25": 0.922, "@30": 0.928, "@35": 0.942, "@40": 0.946, "@45": 0.948, "@50": 0.952}, "mrr": 0.565255905880462, "ndcg": 0.6713527625455086}, "External Knowledge": {"avg_candidate_rank": 10.617788461538462, "avg_best_candidate_rank": 10.41095890410959, "recall": {"@5": 0.7932692307692307, "@10": 0.8581730769230769, "@15": 0.8942307692307693, "@20": 0.9158653846153846, "@25": 0.9278846153846154, "@30": 0.9399038461538461, "@35": 0.9423076923076923, "@40": 0.9423076923076923, "@45": 0.9471153846153846, "@50": 0.9543269230769231}, "mrr": 0.689787942752624, "ndcg": 0.7566792482989353}, "Web Query": {"avg_candidate_rank": 18.724665391969406, "avg_best_candidate_rank": 7.774378585086042, "recall": {"@5": 0.5239005736137667, "@10": 0.6692160611854685, "@15": 0.7504780114722753, "@20": 0.8001912045889101, "@25": 0.8279158699808795, "@30": 0.8527724665391969, "@35": 0.872848948374761, "@40": 0.8862332695984704, "@45": 0.8919694072657743, "@50": 0.9024856596558317}, "mrr": 0.4300451037229178, "ndcg": 0.5935930166943073}, "CodeSearchNet": {"avg_candidate_rank": 418.95012626262627, "avg_best_candidate_rank": 398.87039620535717, "recall": {"@5": 0.41662157287157287, "@10": 0.49251443001443, "@15": 0.5353084415584416, "@20": 0.5690836940836941, "@25": 0.5928932178932179, "@30": 0.6112012987012987, "@35": 0.6283820346320347, "@40": 0.6424963924963925, "@45": 0.6545364357864358, "@50": 0.6650883838383839}, "mrr": 0.32902241602430626, "ndcg": 0.44151742919537523}}