{"CoNaLa": {"avg_candidate_rank": 9.196, "avg_best_candidate_rank": 4.8273972602739725, "recall": {"@5": 0.68, "@10": 0.822, "@15": 0.878, "@20": 0.91, "@25": 0.934, "@30": 0.95, "@35": 0.956, "@40": 0.962, "@45": 0.972, "@50": 0.974}, "mrr": 0.5763494921177262, "ndcg": 0.6797629554172813}, "External Knowledge": {"avg_candidate_rank": 4.439903846153846, "avg_best_candidate_rank": 2.9863013698630136, "recall": {"@5": 0.8894230769230769, "@10": 0.9278846153846154, "@15": 0.9495192307692307, "@20": 0.9663461538461539, "@25": 0.9759615384615384, "@30": 0.9783653846153846, "@35": 0.9783653846153846, "@40": 0.9783653846153846, "@45": 0.9783653846153846, "@50": 0.9783653846153846}, "mrr": 0.8128810274295967, "ndcg": 0.8552808752909439}, "Web Query": {"avg_candidate_rank": 16.01529636711281, "avg_best_candidate_rank": 8.586998087954111, "recall": {"@5": 0.595602294455067, "@10": 0.7476099426386233, "@15": 0.8126195028680688, "@20": 0.8499043977055449, "@25": 0.8718929254302104, "@30": 0.8957934990439771, "@35": 0.9101338432122371, "@40": 0.9196940726577438, "@45": 0.9282982791586998, "@50": 0.9359464627151052}, "mrr": 0.4879850257788337, "ndcg": 0.640440213359834}}