{"CoNaLa": {"avg_candidate_rank": 54.316, "avg_best_candidate_rank": 44.323287671232876, "recall": {"@5": 0.306, "@10": 0.406, "@15": 0.484, "@20": 0.538, "@25": 0.576, "@30": 0.604, "@35": 0.642, "@40": 0.664, "@45": 0.68, "@50": 0.702}, "mrr": 0.24153527756238405, "ndcg": 0.39055746755745163}, "External Knowledge": {"avg_candidate_rank": 1.1682692307692308, "avg_best_candidate_rank": 0.6876712328767123, "recall": {"@5": 0.9399038461538461, "@10": 0.9759615384615384, "@15": 0.9879807692307693, "@20": 0.9903846153846154, "@25": 0.9903846153846154, "@30": 0.9903846153846154, "@35": 0.9903846153846154, "@40": 0.9951923076923077, "@45": 0.9951923076923077, "@50": 0.9951923076923077}, "mrr": 0.9334058236468036, "ndcg": 0.950445333549401}}