{"CoNaLa": {"avg_candidate_rank": 52.682, "avg_best_candidate_rank": 42.989041095890414, "recall": {"@5": 0.304, "@10": 0.408, "@15": 0.494, "@20": 0.54, "@25": 0.576, "@30": 0.614, "@35": 0.648, "@40": 0.67, "@45": 0.69, "@50": 0.704}, "mrr": 0.25014733282376267, "ndcg": 0.3981051211881961}, "External Knowledge": {"avg_candidate_rank": 1.1682692307692308, "avg_best_candidate_rank": 0.6876712328767123, "recall": {"@5": 0.9399038461538461, "@10": 0.9759615384615384, "@15": 0.9879807692307693, "@20": 0.9903846153846154, "@25": 0.9903846153846154, "@30": 0.9903846153846154, "@35": 0.9903846153846154, "@40": 0.9951923076923077, "@45": 0.9951923076923077, "@50": 0.9951923076923077}, "mrr": 0.9334058236468036, "ndcg": 0.950445333549401}, "Web Query": {"avg_candidate_rank": 74.63671128107075, "avg_best_candidate_rank": 32.95793499043977, "recall": {"@5": 0.25908221797323133, "@10": 0.35850860420650094, "@15": 0.4292543021032505, "@20": 0.48852772466539196, "@25": 0.5344168260038241, "@30": 0.5630975143403442, "@35": 0.5975143403441683, "@40": 0.621414913957935, "@45": 0.6472275334608031, "@50": 0.6653919694072657}, "mrr": 0.21827422597645924, "ndcg": 0.4036562530560821}, "CodeSearchNet": {"avg_candidate_rank": 772.256268037518, "avg_best_candidate_rank": 736.1750837053571, "recall": {"@5": 0.43979978354978355, "@10": 0.500450937950938, "@15": 0.534992784992785, "@20": 0.5584866522366523, "@25": 0.5775162337662337, "@30": 0.5944715007215007, "@35": 0.6065115440115441, "@40": 0.617288961038961, "@45": 0.6266233766233766, "@50": 0.6341991341991342}, "mrr": 0.3612602045090644, "ndcg": 0.46210308180787896}}