{"CoNaLa": {"avg_candidate_rank": 54.316, "avg_best_candidate_rank": 44.323287671232876, "recall": {"@5": 0.306, "@10": 0.406, "@15": 0.484, "@20": 0.538, "@25": 0.576, "@30": 0.604, "@35": 0.642, "@40": 0.664, "@45": 0.68, "@50": 0.702}, "mrr": 0.24153527756238405, "ndcg": 0.39055746755745163}, "External Knowledge": {"avg_candidate_rank": 1.1682692307692308, "avg_best_candidate_rank": 0.6876712328767123, "recall": {"@5": 0.9399038461538461, "@10": 0.9759615384615384, "@15": 0.9879807692307693, "@20": 0.9903846153846154, "@25": 0.9903846153846154, "@30": 0.9903846153846154, "@35": 0.9903846153846154, "@40": 0.9951923076923077, "@45": 0.9951923076923077, "@50": 0.9951923076923077}, "mrr": 0.9334058236468036, "ndcg": 0.950445333549401}, "Web Query": {"avg_candidate_rank": 73.23804971319312, "avg_best_candidate_rank": 32.493307839388144, "recall": {"@5": 0.26481835564053535, "@10": 0.3604206500956023, "@15": 0.4378585086042065, "@20": 0.4980879541108987, "@25": 0.5458891013384322, "@30": 0.5783938814531548, "@35": 0.6032504780114722, "@40": 0.6281070745697896, "@45": 0.652963671128107, "@50": 0.6682600382409177}, "mrr": 0.21996609999502256, "ndcg": 0.40513518355019495}, "CodeSearchNet": {"avg_candidate_rank": 317.343253968254, "avg_best_candidate_rank": 296.3403087797619, "recall": {"@5": 0.6561147186147186, "@10": 0.7003517316017316, "@15": 0.7254238816738817, "@20": 0.7430555555555556, "@25": 0.7549603174603174, "@30": 0.7653769841269841, "@35": 0.7746663059163059, "@40": 0.7810245310245311, "@45": 0.7871121933621934, "@50": 0.7931096681096681}, "mrr": 0.5907087497784912, "ndcg": 0.6600363471660163}}