{"CoNaLa": {"avg_candidate_rank": 7.748, "avg_best_candidate_rank": 5.676712328767123, "recall": {"@5": 0.676, "@10": 0.806, "@15": 0.86, "@20": 0.89, "@25": 0.912, "@30": 0.92, "@35": 0.934, "@40": 0.948, "@45": 0.964, "@50": 0.968}, "mrr": 0.5501548889586318, "ndcg": 0.6577162722796629}, "External Knowledge": {"avg_candidate_rank": 6.466346153846154, "avg_best_candidate_rank": 6.142465753424657, "recall": {"@5": 0.7908653846153846, "@10": 0.8629807692307693, "@15": 0.90625, "@20": 0.9230769230769231, "@25": 0.9375, "@30": 0.9447115384615384, "@35": 0.9543269230769231, "@40": 0.9567307692307693, "@45": 0.9591346153846154, "@50": 0.9615384615384616}, "mrr": 0.7107676863167242, "ndcg": 0.7750433119916753}, "Web Query": {"avg_candidate_rank": 19.019120458891013, "avg_best_candidate_rank": 8.732313575525813, "recall": {"@5": 0.5353728489483748, "@10": 0.6988527724665392, "@15": 0.765774378585086, "@20": 0.8126195028680688, "@25": 0.8432122370936902, "@30": 0.8680688336520076, "@35": 0.8804971319311663, "@40": 0.892925430210325, "@45": 0.904397705544933, "@50": 0.9158699808795411}, "mrr": 0.4454542605767206, "ndcg": 0.6060009293835941}, "CodeSearchNet": {"avg_candidate_rank": 396.29680735930737, "avg_best_candidate_rank": 372.5654296875, "recall": {"@5": 0.424738455988456, "@10": 0.5014430014430015, "@15": 0.5439664502164502, "@20": 0.5753517316017316, "@25": 0.5975829725829725, "@30": 0.6151244588744589, "@35": 0.6305916305916306, "@40": 0.6438943001443002, "@45": 0.6555284992784993, "@50": 0.6668921356421357}, "mrr": 0.3361979731420069, "ndcg": 0.4477766332941771}}