{"CoNaLa": {"avg_candidate_rank": 5.884, "avg_best_candidate_rank": 4.257534246575342, "recall": {"@5": 0.724, "@10": 0.848, "@15": 0.902, "@20": 0.926, "@25": 0.948, "@30": 0.954, "@35": 0.966, "@40": 0.976, "@45": 0.976, "@50": 0.982}, "mrr": 0.6021062595831764, "ndcg": 0.7006307334786667}, "External Knowledge": {"avg_candidate_rank": 3.925480769230769, "avg_best_candidate_rank": 2.5561643835616437, "recall": {"@5": 0.9158653846153846, "@10": 0.9399038461538461, "@15": 0.9495192307692307, "@20": 0.9639423076923077, "@25": 0.9711538461538461, "@30": 0.9759615384615384, "@35": 0.9831730769230769, "@40": 0.9831730769230769, "@45": 0.9831730769230769, "@50": 0.9855769230769231}, "mrr": 0.8419969112024565, "ndcg": 0.8787304044468756}, "Web Query": {"avg_candidate_rank": 16.17590822179732, "avg_best_candidate_rank": 8.0, "recall": {"@5": 0.6051625239005736, "@10": 0.7523900573613767, "@15": 0.8173996175908221, "@20": 0.8546845124282982, "@25": 0.8747609942638623, "@30": 0.892925430210325, "@35": 0.9063097514340345, "@40": 0.9168260038240917, "@45": 0.9254302103250478, "@50": 0.9349904397705545}, "mrr": 0.5099144506333323, "ndcg": 0.6579617888182069}}