{"CoNaLa": {"avg_candidate_rank": 7.976, "avg_best_candidate_rank": 4.671232876712328, "recall": {"@5": 0.692, "@10": 0.834, "@15": 0.886, "@20": 0.918, "@25": 0.938, "@30": 0.942, "@35": 0.952, "@40": 0.96, "@45": 0.964, "@50": 0.968}, "mrr": 0.5947695273800914, "ndcg": 0.6937971637851206}, "External Knowledge": {"avg_candidate_rank": 5.6201923076923075, "avg_best_candidate_rank": 4.117808219178082, "recall": {"@5": 0.8822115384615384, "@10": 0.9278846153846154, "@15": 0.9567307692307693, "@20": 0.9663461538461539, "@25": 0.96875, "@30": 0.9711538461538461, "@35": 0.9735576923076923, "@40": 0.9735576923076923, "@45": 0.9735576923076923, "@50": 0.9759615384615384}, "mrr": 0.8168713208109919, "ndcg": 0.8581313305184576}, "Web Query": {"avg_candidate_rank": 17.543977055449332, "avg_best_candidate_rank": 9.678776290630974, "recall": {"@5": 0.5764818355640535, "@10": 0.7217973231357553, "@15": 0.7982791586998088, "@20": 0.8413001912045889, "@25": 0.864244741873805, "@30": 0.8776290630975143, "@35": 0.8948374760994264, "@40": 0.9149139579349904, "@45": 0.9225621414913958, "@50": 0.9273422562141491}, "mrr": 0.4705952806316842, "ndcg": 0.6262345882502462}}