{"CoNaLa": {"avg_candidate_rank": 5.134, "avg_best_candidate_rank": 3.9972602739726026, "recall": {"@5": 0.728, "@10": 0.868, "@15": 0.928, "@20": 0.95, "@25": 0.97, "@30": 0.97, "@35": 0.972, "@40": 0.976, "@45": 0.978, "@50": 0.982}, "mrr": 0.62999842803342, "ndcg": 0.7221680975924594}, "External Knowledge": {"avg_candidate_rank": 8.04326923076923, "avg_best_candidate_rank": 6.942465753424657, "recall": {"@5": 0.7740384615384616, "@10": 0.8509615384615384, "@15": 0.8894230769230769, "@20": 0.9134615384615384, "@25": 0.9326923076923077, "@30": 0.9423076923076923, "@35": 0.9471153846153846, "@40": 0.9591346153846154, "@45": 0.9615384615384616, "@50": 0.9663461538461539}, "mrr": 0.6778318382078308, "ndcg": 0.7491547027232135}, "Web Query": {"avg_candidate_rank": 20.521988527724666, "avg_best_candidate_rank": 9.48565965583174, "recall": {"@5": 0.5497131931166348, "@10": 0.6931166347992351, "@15": 0.765774378585086, "@20": 0.8040152963671128, "@25": 0.8326959847036329, "@30": 0.8527724665391969, "@35": 0.8690248565965584, "@40": 0.8814531548757171, "@45": 0.8948374760994264, "@50": 0.904397705544933}, "mrr": 0.4435526593759011, "ndcg": 0.6027887371568744}, "CodeSearchNet": {"avg_candidate_rank": 511.3065927128427, "avg_best_candidate_rank": 487.22963169642856, "recall": {"@5": 0.34257756132756134, "@10": 0.41603535353535354, "@15": 0.45815295815295815, "@20": 0.4906655844155844, "@25": 0.5137536075036075, "@30": 0.5338654401154401, "@35": 0.5523088023088023, "@40": 0.5665584415584416, "@45": 0.5807178932178932, "@50": 0.5921717171717171}, "mrr": 0.265187654147597, "ndcg": 0.3833121509103095}}