{"CoNaLa": {"avg_candidate_rank": 12.828, "avg_best_candidate_rank": 6.16986301369863, "recall": {"@5": 0.64, "@10": 0.752, "@15": 0.828, "@20": 0.878, "@25": 0.912, "@30": 0.926, "@35": 0.93, "@40": 0.942, "@45": 0.946, "@50": 0.954}, "mrr": 0.5277529849847544, "ndcg": 0.6406870323418011}, "External Knowledge": {"avg_candidate_rank": 9.90625, "avg_best_candidate_rank": 9.471232876712328, "recall": {"@5": 0.7620192307692307, "@10": 0.8485576923076923, "@15": 0.8822115384615384, "@20": 0.9038461538461539, "@25": 0.9230769230769231, "@30": 0.9399038461538461, "@35": 0.9447115384615384, "@40": 0.9471153846153846, "@45": 0.9471153846153846, "@50": 0.9567307692307693}, "mrr": 0.6774677530049007, "ndcg": 0.7473301523037531}, "Web Query": {"avg_candidate_rank": 20.81261950286807, "avg_best_candidate_rank": 8.340344168260039, "recall": {"@5": 0.5219885277246654, "@10": 0.6625239005736138, "@15": 0.7466539196940727, "@20": 0.8001912045889101, "@25": 0.8240917782026769, "@30": 0.8451242829827916, "@35": 0.861376673040153, "@40": 0.875717017208413, "@45": 0.8852772466539197, "@50": 0.8938814531548758}, "mrr": 0.428617528740058, "ndcg": 0.5917627056048232}, "CodeSearchNet": {"avg_candidate_rank": 533.8295454545455, "avg_best_candidate_rank": 508.8599330357143, "recall": {"@5": 0.3503336940836941, "@10": 0.41959776334776333, "@15": 0.46469155844155846, "@20": 0.4950847763347763, "@25": 0.5193452380952381, "@30": 0.5395923520923521, "@35": 0.5565025252525253, "@40": 0.571518759018759, "@45": 0.5843704906204906, "@50": 0.5982142857142857}, "mrr": 0.2751135090877918, "ndcg": 0.3913154161324998}}