{"CoNaLa": {"avg_candidate_rank": 6.676, "avg_best_candidate_rank": 5.33972602739726, "recall": {"@5": 0.68, "@10": 0.824, "@15": 0.87, "@20": 0.904, "@25": 0.932, "@30": 0.944, "@35": 0.954, "@40": 0.968, "@45": 0.976, "@50": 0.982}, "mrr": 0.5662834061061959, "ndcg": 0.6707887508259133}, "External Knowledge": {"avg_candidate_rank": 6.528846153846154, "avg_best_candidate_rank": 6.024657534246575, "recall": {"@5": 0.7980769230769231, "@10": 0.8798076923076923, "@15": 0.9158653846153846, "@20": 0.9254807692307693, "@25": 0.9375, "@30": 0.9447115384615384, "@35": 0.9447115384615384, "@40": 0.9519230769230769, "@45": 0.9591346153846154, "@50": 0.9591346153846154}, "mrr": 0.7107956514413093, "ndcg": 0.7746656486449355}, "Web Query": {"avg_candidate_rank": 16.930210325047803, "avg_best_candidate_rank": 7.5602294455066925, "recall": {"@5": 0.5764818355640535, "@10": 0.7160611854684512, "@15": 0.7829827915869981, "@20": 0.8260038240917782, "@25": 0.8499043977055449, "@30": 0.8671128107074569, "@35": 0.8795411089866156, "@40": 0.8919694072657743, "@45": 0.9005736137667304, "@50": 0.9101338432122371}, "mrr": 0.4665077144320204, "ndcg": 0.6204844612386335}, "CodeSearchNet": {"avg_candidate_rank": 56.517451298701296, "avg_best_candidate_rank": 48.558221726190474, "recall": {"@5": 0.8444715007215007, "@10": 0.8780663780663781, "@15": 0.895021645021645, "@20": 0.9045364357864358, "@25": 0.9120670995670995, "@30": 0.9178841991341992, "@35": 0.9231601731601732, "@40": 0.9273538961038961, "@45": 0.9307359307359307, "@50": 0.9336219336219336}, "mrr": 0.7778411440856611, "ndcg": 0.8225090470668319}}