{"CoNaLa": {"avg_candidate_rank": 9.494, "avg_best_candidate_rank": 5.158904109589041, "recall": {"@5": 0.684, "@10": 0.822, "@15": 0.87, "@20": 0.904, "@25": 0.936, "@30": 0.948, "@35": 0.954, "@40": 0.958, "@45": 0.966, "@50": 0.972}, "mrr": 0.5739823091708389, "ndcg": 0.6788126551858755}, "External Knowledge": {"avg_candidate_rank": 7.9639423076923075, "avg_best_candidate_rank": 6.53972602739726, "recall": {"@5": 0.8701923076923077, "@10": 0.9086538461538461, "@15": 0.9375, "@20": 0.9423076923076923, "@25": 0.9495192307692307, "@30": 0.9615384615384616, "@35": 0.9663461538461539, "@40": 0.9711538461538461, "@45": 0.9711538461538461, "@50": 0.9711538461538461}, "mrr": 0.7821600751323688, "ndcg": 0.8302413307725037}, "Web Query": {"avg_candidate_rank": 19.00095602294455, "avg_best_candidate_rank": 10.080305927342256, "recall": {"@5": 0.6080305927342257, "@10": 0.737093690248566, "@15": 0.8068833652007649, "@20": 0.8384321223709369, "@25": 0.858508604206501, "@30": 0.8824091778202677, "@35": 0.8986615678776291, "@40": 0.9091778202676865, "@45": 0.9187380497131931, "@50": 0.9244741873804971}, "mrr": 0.4774961734024217, "ndcg": 0.6295765359193367}}