{"CoNaLa": {"avg_candidate_rank": 16.712, "avg_best_candidate_rank": 7.668493150684932, "recall": {"@5": 0.644, "@10": 0.786, "@15": 0.846, "@20": 0.878, "@25": 0.896, "@30": 0.906, "@35": 0.922, "@40": 0.936, "@45": 0.942, "@50": 0.946}, "mrr": 0.5485295043205018, "ndcg": 0.6570453935142506}, "External Knowledge": {"avg_candidate_rank": 14.38701923076923, "avg_best_candidate_rank": 13.794520547945206, "recall": {"@5": 0.71875, "@10": 0.8149038461538461, "@15": 0.8533653846153846, "@20": 0.8701923076923077, "@25": 0.8894230769230769, "@30": 0.9014423076923077, "@35": 0.9134615384615384, "@40": 0.9158653846153846, "@45": 0.9158653846153846, "@50": 0.9230769230769231}, "mrr": 0.613658839442654, "ndcg": 0.6961125063963534}, "Web Query": {"avg_candidate_rank": 32.47323135755258, "avg_best_candidate_rank": 10.810707456978967, "recall": {"@5": 0.49521988527724664, "@10": 0.638623326959847, "@15": 0.7170172084130019, "@20": 0.7590822179732314, "@25": 0.7963671128107075, "@30": 0.8279158699808795, "@35": 0.8432122370936902, "@40": 0.858508604206501, "@45": 0.869980879541109, "@50": 0.875717017208413}, "mrr": 0.40015311739000486, "ndcg": 0.5685861310090772}, "CodeSearchNet": {"avg_candidate_rank": 1129.3623737373737, "avg_best_candidate_rank": 1095.626255580357, "recall": {"@5": 0.2623106060606061, "@10": 0.32575757575757575, "@15": 0.36426767676767674, "@20": 0.3942550505050505, "@25": 0.4164411976911977, "@30": 0.4350198412698413, "@35": 0.45174963924963923, "@40": 0.4676226551226551, "@45": 0.48002344877344877, "@50": 0.4909361471861472}, "mrr": 0.20144764472084042, "ndcg": 0.3203247541555715}}