{"CoNaLa": {"avg_candidate_rank": 115.344, "avg_best_candidate_rank": 107.94794520547946, "recall": {"@5": 0.116, "@10": 0.158, "@15": 0.194, "@20": 0.226, "@25": 0.25, "@30": 0.286, "@35": 0.312, "@40": 0.344, "@45": 0.37, "@50": 0.388}, "mrr": 0.09612365154063365, "ndcg": 0.2443880530483509}, "External Knowledge": {"avg_candidate_rank": 1.9086538461538463, "avg_best_candidate_rank": 1.7178082191780821, "recall": {"@5": 0.9447115384615384, "@10": 0.9663461538461539, "@15": 0.9735576923076923, "@20": 0.9855769230769231, "@25": 0.9855769230769231, "@30": 0.9855769230769231, "@35": 0.9855769230769231, "@40": 0.9855769230769231, "@45": 0.9879807692307693, "@50": 0.9927884615384616}, "mrr": 0.9142358243864555, "ndcg": 0.9344966384367199}, "Web Query": {"avg_candidate_rank": 168.3546845124283, "avg_best_candidate_rank": 86.59464627151051, "recall": {"@5": 0.09847036328871893, "@10": 0.1615678776290631, "@15": 0.2055449330783939, "@20": 0.22466539196940727, "@25": 0.25239005736137665, "@30": 0.27437858508604207, "@35": 0.29063097514340347, "@40": 0.31166347992351817, "@45": 0.33078393881453155, "@50": 0.3546845124282983}, "mrr": 0.08592461639457635, "ndcg": 0.2630429416154032}}