{"CoNaLa": {"avg_candidate_rank": 7.35, "avg_best_candidate_rank": 5.49041095890411, "recall": {"@5": 0.7, "@10": 0.82, "@15": 0.888, "@20": 0.91, "@25": 0.932, "@30": 0.95, "@35": 0.964, "@40": 0.968, "@45": 0.97, "@50": 0.974}, "mrr": 0.5876223069503619, "ndcg": 0.687430645441048}, "External Knowledge": {"avg_candidate_rank": 5.625, "avg_best_candidate_rank": 5.093150684931507, "recall": {"@5": 0.8365384615384616, "@10": 0.8966346153846154, "@15": 0.9206730769230769, "@20": 0.9254807692307693, "@25": 0.9375, "@30": 0.9471153846153846, "@35": 0.9567307692307693, "@40": 0.9639423076923077, "@45": 0.9711538461538461, "@50": 0.9759615384615384}, "mrr": 0.7409378269091822, "ndcg": 0.7989740999568234}, "Web Query": {"avg_candidate_rank": 19.53154875717017, "avg_best_candidate_rank": 7.776290630975144, "recall": {"@5": 0.5487571701720841, "@10": 0.6912045889101338, "@15": 0.765774378585086, "@20": 0.8107074569789675, "@25": 0.8307839388145315, "@30": 0.8556405353728489, "@35": 0.869980879541109, "@40": 0.887189292543021, "@45": 0.8977055449330784, "@50": 0.9063097514340345}, "mrr": 0.45774101186070015, "ndcg": 0.614129335222879}, "CodeSearchNet": {"avg_candidate_rank": 269.72564935064935, "avg_best_candidate_rank": 248.14285714285714, "recall": {"@5": 0.4809704184704185, "@10": 0.5609217171717171, "@15": 0.6047979797979798, "@20": 0.6365440115440115, "@25": 0.6606691919191919, "@30": 0.6786165223665224, "@35": 0.6943542568542569, "@40": 0.707296176046176, "@45": 0.7191107503607503, "@50": 0.7300685425685426}, "mrr": 0.3852733126549848, "ndcg": 0.49338250754581475}}