{"CoNaLa": {"avg_candidate_rank": 5.514, "avg_best_candidate_rank": 4.008219178082192, "recall": {"@5": 0.716, "@10": 0.836, "@15": 0.91, "@20": 0.944, "@25": 0.96, "@30": 0.968, "@35": 0.974, "@40": 0.976, "@45": 0.986, "@50": 0.988}, "mrr": 0.6159196016231961, "ndcg": 0.7113678416150815}, "External Knowledge": {"avg_candidate_rank": 7.649038461538462, "avg_best_candidate_rank": 6.498630136986302, "recall": {"@5": 0.78125, "@10": 0.8677884615384616, "@15": 0.8942307692307693, "@20": 0.9158653846153846, "@25": 0.9302884615384616, "@30": 0.9399038461538461, "@35": 0.9471153846153846, "@40": 0.9543269230769231, "@45": 0.9591346153846154, "@50": 0.9639423076923077}, "mrr": 0.6938376401452373, "ndcg": 0.7623172848417001}, "Web Query": {"avg_candidate_rank": 19.044933078393882, "avg_best_candidate_rank": 9.665391969407265, "recall": {"@5": 0.5688336520076482, "@10": 0.7151051625239006, "@15": 0.7839388145315488, "@20": 0.8164435946462715, "@25": 0.8403441682600382, "@30": 0.8632887189292543, "@35": 0.8795411089866156, "@40": 0.8910133843212237, "@45": 0.9053537284894837, "@50": 0.9139579349904398}, "mrr": 0.47097511773332734, "ndcg": 0.6266252932687795}, "CodeSearchNet": {"avg_candidate_rank": 408.5124007936508, "avg_best_candidate_rank": 386.69745163690476, "recall": {"@5": 0.38816738816738816, "@10": 0.46387987012987014, "@15": 0.5087481962481962, "@20": 0.5395923520923521, "@25": 0.5630862193362194, "@30": 0.582521645021645, "@35": 0.5988455988455988, "@40": 0.6129599567099567, "@45": 0.6250901875901876, "@50": 0.6369498556998557}, "mrr": 0.30555342955139747, "ndcg": 0.4203869630978572}}