{"CoNaLa": {"avg_candidate_rank": 7.586, "avg_best_candidate_rank": 5.632876712328767, "recall": {"@5": 0.7, "@10": 0.79, "@15": 0.846, "@20": 0.898, "@25": 0.92, "@30": 0.94, "@35": 0.954, "@40": 0.964, "@45": 0.97, "@50": 0.972}, "mrr": 0.591048589354842, "ndcg": 0.6895592630026925}, "External Knowledge": {"avg_candidate_rank": 3.139423076923077, "avg_best_candidate_rank": 2.095890410958904, "recall": {"@5": 0.9014423076923077, "@10": 0.9423076923076923, "@15": 0.9615384615384616, "@20": 0.9711538461538461, "@25": 0.9735576923076923, "@30": 0.9807692307692307, "@35": 0.9855769230769231, "@40": 0.9855769230769231, "@45": 0.9879807692307693, "@50": 0.9879807692307693}, "mrr": 0.8303999695130053, "ndcg": 0.8696845142074638}, "Web Query": {"avg_candidate_rank": 20.652007648183556, "avg_best_candidate_rank": 10.055449330783938, "recall": {"@5": 0.5344168260038241, "@10": 0.6644359464627151, "@15": 0.7380497131931166, "@20": 0.7925430210325047, "@25": 0.8240917782026769, "@30": 0.8479923518164436, "@35": 0.8718929254302104, "@40": 0.887189292543021, "@45": 0.892925430210325, "@50": 0.9053537284894837}, "mrr": 0.43007351445746317, "ndcg": 0.5945809596396656}}