{"CoNaLa": {"avg_candidate_rank": 7.23, "avg_best_candidate_rank": 6.2246575342465755, "recall": {"@5": 0.678, "@10": 0.816, "@15": 0.878, "@20": 0.904, "@25": 0.922, "@30": 0.946, "@35": 0.95, "@40": 0.956, "@45": 0.958, "@50": 0.964}, "mrr": 0.5802641508735088, "ndcg": 0.6820133481533891}, "External Knowledge": {"avg_candidate_rank": 11.20673076923077, "avg_best_candidate_rank": 8.802739726027397, "recall": {"@5": 0.7283653846153846, "@10": 0.8076923076923077, "@15": 0.8653846153846154, "@20": 0.8822115384615384, "@25": 0.8942307692307693, "@30": 0.9110576923076923, "@35": 0.9158653846153846, "@40": 0.9254807692307693, "@45": 0.9326923076923077, "@50": 0.9350961538461539}, "mrr": 0.6271462295099596, "ndcg": 0.7094822072849379}, "Web Query": {"avg_candidate_rank": 25.263862332695986, "avg_best_candidate_rank": 12.233269598470363, "recall": {"@5": 0.5019120458891013, "@10": 0.6539196940726577, "@15": 0.7141491395793499, "@20": 0.7648183556405354, "@25": 0.7954110898661568, "@30": 0.8279158699808795, "@35": 0.8508604206500956, "@40": 0.8594646271510517, "@45": 0.8747609942638623, "@50": 0.8881453154875717}, "mrr": 0.40886116974121833, "ndcg": 0.5729698178200816}, "CodeSearchNet": {"avg_candidate_rank": 638.4266323953824, "avg_best_candidate_rank": 608.1862444196429, "recall": {"@5": 0.2887806637806638, "@10": 0.3586309523809524, "@15": 0.40201118326118324, "@20": 0.43339646464646464, "@25": 0.45693542568542567, "@30": 0.4778589466089466, "@35": 0.49467893217893216, "@40": 0.5111832611832612, "@45": 0.5245761183261183, "@50": 0.5363906926406926}, "mrr": 0.2204930612738828, "ndcg": 0.3416834880037049}}