{"CoNaLa": {"avg_candidate_rank": 6.126, "avg_best_candidate_rank": 5.052054794520548, "recall": {"@5": 0.698, "@10": 0.836, "@15": 0.89, "@20": 0.912, "@25": 0.934, "@30": 0.958, "@35": 0.962, "@40": 0.968, "@45": 0.978, "@50": 0.982}, "mrr": 0.5728180131797936, "ndcg": 0.6785353168651079}, "External Knowledge": {"avg_candidate_rank": 9.185096153846153, "avg_best_candidate_rank": 7.504109589041096, "recall": {"@5": 0.7716346153846154, "@10": 0.8461538461538461, "@15": 0.8942307692307693, "@20": 0.9134615384615384, "@25": 0.9206730769230769, "@30": 0.9326923076923077, "@35": 0.9350961538461539, "@40": 0.9375, "@45": 0.9423076923076923, "@50": 0.9447115384615384}, "mrr": 0.6732524313341325, "ndcg": 0.7458863237847979}, "Web Query": {"avg_candidate_rank": 20.994263862332694, "avg_best_candidate_rank": 9.896749521988527, "recall": {"@5": 0.52868068833652, "@10": 0.6787762906309751, "@15": 0.7495219885277247, "@20": 0.7896749521988528, "@25": 0.8298279158699808, "@30": 0.8489483747609943, "@35": 0.864244741873805, "@40": 0.8766730401529637, "@45": 0.8881453154875717, "@50": 0.9005736137667304}, "mrr": 0.43740158851266253, "ndcg": 0.5986258751878926}, "CodeSearchNet": {"avg_candidate_rank": 520.3498827561327, "avg_best_candidate_rank": 493.6741536458333, "recall": {"@5": 0.3399170274170274, "@10": 0.4128787878787879, "@15": 0.4564393939393939, "@20": 0.48795995670995673, "@25": 0.5124909812409812, "@30": 0.5326028138528138, "@35": 0.5500541125541125, "@40": 0.5646645021645021, "@45": 0.5780122655122655, "@50": 0.5896915584415584}, "mrr": 0.26385211894984567, "ndcg": 0.3820551642843626}}