{"CoNaLa": {"avg_candidate_rank": 8.582, "avg_best_candidate_rank": 6.383561643835616, "recall": {"@5": 0.614, "@10": 0.776, "@15": 0.842, "@20": 0.874, "@25": 0.896, "@30": 0.922, "@35": 0.934, "@40": 0.95, "@45": 0.954, "@50": 0.964}, "mrr": 0.5167813793843831, "ndcg": 0.6320581028365342}, "External Knowledge": {"avg_candidate_rank": 6.735576923076923, "avg_best_candidate_rank": 6.336986301369863, "recall": {"@5": 0.7620192307692307, "@10": 0.8485576923076923, "@15": 0.8774038461538461, "@20": 0.9134615384615384, "@25": 0.9447115384615384, "@30": 0.9519230769230769, "@35": 0.9615384615384616, "@40": 0.96875, "@45": 0.9711538461538461, "@50": 0.9711538461538461}, "mrr": 0.6636340147413871, "ndcg": 0.738766825933686}, "Web Query": {"avg_candidate_rank": 20.988527724665392, "avg_best_candidate_rank": 9.831739961759082, "recall": {"@5": 0.5344168260038241, "@10": 0.6787762906309751, "@15": 0.7476099426386233, "@20": 0.7839388145315488, "@25": 0.8221797323135756, "@30": 0.8432122370936902, "@35": 0.8537284894837476, "@40": 0.8632887189292543, "@45": 0.8852772466539197, "@50": 0.8986615678776291}, "mrr": 0.4296626438322391, "ndcg": 0.5894722187649515}, "CodeSearchNet": {"avg_candidate_rank": 314.02132936507934, "avg_best_candidate_rank": 287.4721912202381, "recall": {"@5": 0.448277417027417, "@10": 0.5285443722943723, "@15": 0.57260101010101, "@20": 0.6035353535353535, "@25": 0.6268939393939394, "@30": 0.6461940836940837, "@35": 0.6616612554112554, "@40": 0.6751443001443002, "@45": 0.6865079365079365, "@50": 0.6975559163059163}, "mrr": 0.3546854208075855, "ndcg": 0.46609693974979766}}