{"CoNaLa": {"avg_candidate_rank": 12.134, "avg_best_candidate_rank": 5.947945205479452, "recall": {"@5": 0.658, "@10": 0.77, "@15": 0.846, "@20": 0.882, "@25": 0.904, "@30": 0.92, "@35": 0.93, "@40": 0.942, "@45": 0.952, "@50": 0.96}, "mrr": 0.5289673590648651, "ndcg": 0.64175818140931}, "External Knowledge": {"avg_candidate_rank": 10.935096153846153, "avg_best_candidate_rank": 10.435616438356165, "recall": {"@5": 0.7427884615384616, "@10": 0.8173076923076923, "@15": 0.8533653846153846, "@20": 0.8846153846153846, "@25": 0.9014423076923077, "@30": 0.9230769230769231, "@35": 0.9350961538461539, "@40": 0.9423076923076923, "@45": 0.9447115384615384, "@50": 0.9471153846153846}, "mrr": 0.6553453914513634, "ndcg": 0.7284698427258397}, "Web Query": {"avg_candidate_rank": 22.782026768642446, "avg_best_candidate_rank": 9.586998087954111, "recall": {"@5": 0.5219885277246654, "@10": 0.655831739961759, "@15": 0.7265774378585086, "@20": 0.7715105162523901, "@25": 0.8087954110898662, "@30": 0.8279158699808795, "@35": 0.8508604206500956, "@40": 0.8671128107074569, "@45": 0.8833652007648184, "@50": 0.8977055449330784}, "mrr": 0.42467713877201924, "ndcg": 0.5882199020272054}, "CodeSearchNet": {"avg_candidate_rank": 103.0261093073593, "avg_best_candidate_rank": 93.57426525297619, "recall": {"@5": 0.7674512987012987, "@10": 0.8132665945165946, "@15": 0.8369859307359307, "@20": 0.8515512265512265, "@25": 0.8629599567099567, "@30": 0.8716179653679653, "@35": 0.8786525974025974, "@40": 0.8851911976911977, "@45": 0.8902417027417028, "@50": 0.8955627705627706}, "mrr": 0.694309575559544, "ndcg": 0.7528868460708451}}