{"CoNaLa": {"avg_candidate_rank": 6.892, "avg_best_candidate_rank": 4.682191780821918, "recall": {"@5": 0.728, "@10": 0.842, "@15": 0.892, "@20": 0.916, "@25": 0.94, "@30": 0.954, "@35": 0.956, "@40": 0.964, "@45": 0.966, "@50": 0.972}, "mrr": 0.5844662834033474, "ndcg": 0.6865321821120409}, "External Knowledge": {"avg_candidate_rank": 3.7860576923076925, "avg_best_candidate_rank": 2.6301369863013697, "recall": {"@5": 0.9086538461538461, "@10": 0.9423076923076923, "@15": 0.9543269230769231, "@20": 0.9639423076923077, "@25": 0.9711538461538461, "@30": 0.9759615384615384, "@35": 0.9783653846153846, "@40": 0.9807692307692307, "@45": 0.9807692307692307, "@50": 0.9831730769230769}, "mrr": 0.8417593434709753, "ndcg": 0.878170586524446}, "Web Query": {"avg_candidate_rank": 16.899617590822178, "avg_best_candidate_rank": 8.793499043977056, "recall": {"@5": 0.5994263862332696, "@10": 0.748565965583174, "@15": 0.8135755258126195, "@20": 0.858508604206501, "@25": 0.878585086042065, "@30": 0.8948374760994264, "@35": 0.9091778202676865, "@40": 0.9177820267686424, "@45": 0.9292543021032504, "@50": 0.9349904397705545}, "mrr": 0.4971470903416849, "ndcg": 0.6470881205198767}}