{"CoNaLa": {"avg_candidate_rank": 6.86, "avg_best_candidate_rank": 4.7972602739726025, "recall": {"@5": 0.686, "@10": 0.822, "@15": 0.884, "@20": 0.902, "@25": 0.926, "@30": 0.942, "@35": 0.964, "@40": 0.97, "@45": 0.972, "@50": 0.974}, "mrr": 0.5896038491054062, "ndcg": 0.6903843118240285}, "External Knowledge": {"avg_candidate_rank": 6.408653846153846, "avg_best_candidate_rank": 4.841095890410959, "recall": {"@5": 0.8197115384615384, "@10": 0.8798076923076923, "@15": 0.9110576923076923, "@20": 0.9206730769230769, "@25": 0.9278846153846154, "@30": 0.9423076923076923, "@35": 0.9543269230769231, "@40": 0.9591346153846154, "@45": 0.9615384615384616, "@50": 0.9639423076923077}, "mrr": 0.7491497998709014, "ndcg": 0.8044974338908895}, "Web Query": {"avg_candidate_rank": 19.08795411089866, "avg_best_candidate_rank": 7.992351816443595, "recall": {"@5": 0.5478011472275335, "@10": 0.6902485659655831, "@15": 0.7581261950286807, "@20": 0.8059273422562141, "@25": 0.8451242829827916, "@30": 0.872848948374761, "@35": 0.8852772466539197, "@40": 0.8938814531548758, "@45": 0.9034416826003824, "@50": 0.9120458891013384}, "mrr": 0.461707577416461, "ndcg": 0.6184622994747524}, "CodeSearchNet": {"avg_candidate_rank": 272.71365440115443, "avg_best_candidate_rank": 250.4296875, "recall": {"@5": 0.4843073593073593, "@10": 0.5623196248196248, "@15": 0.606286075036075, "@20": 0.6364989177489178, "@25": 0.6601280663780664, "@30": 0.6803300865800865, "@35": 0.6963383838383839, "@40": 0.7088744588744589, "@45": 0.7208243145743146, "@50": 0.7316017316017316}, "mrr": 0.388236630337055, "ndcg": 0.4958888552749923}}