{"CoNaLa": {"avg_candidate_rank": 8.968, "avg_best_candidate_rank": 6.901369863013699, "recall": {"@5": 0.642, "@10": 0.774, "@15": 0.83, "@20": 0.876, "@25": 0.902, "@30": 0.912, "@35": 0.924, "@40": 0.934, "@45": 0.946, "@50": 0.956}, "mrr": 0.5381534871438111, "ndcg": 0.64703252573769}, "External Knowledge": {"avg_candidate_rank": 8.153846153846153, "avg_best_candidate_rank": 7.536986301369863, "recall": {"@5": 0.7596153846153846, "@10": 0.8389423076923077, "@15": 0.8822115384615384, "@20": 0.90625, "@25": 0.9278846153846154, "@30": 0.9375, "@35": 0.9495192307692307, "@40": 0.9495192307692307, "@45": 0.9495192307692307, "@50": 0.9519230769230769}, "mrr": 0.6798105355583727, "ndcg": 0.7490763915814952}, "Web Query": {"avg_candidate_rank": 17.833652007648183, "avg_best_candidate_rank": 8.623326959847036, "recall": {"@5": 0.5401529636711281, "@10": 0.6940726577437859, "@15": 0.7667304015296367, "@20": 0.8107074569789675, "@25": 0.8355640535372849, "@30": 0.858508604206501, "@35": 0.8804971319311663, "@40": 0.8938814531548758, "@45": 0.9072657743785851, "@50": 0.9216061185468452}, "mrr": 0.4514465910091893, "ndcg": 0.6117503226379856}, "CodeSearchNet": {"avg_candidate_rank": 329.89799783549785, "avg_best_candidate_rank": 306.7265159970238, "recall": {"@5": 0.4585588023088023, "@10": 0.5351731601731602, "@15": 0.5773358585858586, "@20": 0.6098935786435786, "@25": 0.6332521645021645, "@30": 0.652732683982684, "@35": 0.6670725108225108, "@40": 0.6796987734487735, "@45": 0.6908820346320347, "@50": 0.700487012987013}, "mrr": 0.36547968635977574, "ndcg": 0.47465400397641533}}