{"CoNaLa": {"avg_candidate_rank": 7.378, "avg_best_candidate_rank": 5.145205479452055, "recall": {"@5": 0.676, "@10": 0.804, "@15": 0.866, "@20": 0.912, "@25": 0.932, "@30": 0.948, "@35": 0.956, "@40": 0.962, "@45": 0.968, "@50": 0.974}, "mrr": 0.5635694354904328, "ndcg": 0.6694612614906957}, "External Knowledge": {"avg_candidate_rank": 4.725961538461538, "avg_best_candidate_rank": 4.115068493150685, "recall": {"@5": 0.8365384615384616, "@10": 0.9086538461538461, "@15": 0.9350961538461539, "@20": 0.9471153846153846, "@25": 0.9495192307692307, "@30": 0.9591346153846154, "@35": 0.9759615384615384, "@40": 0.9807692307692307, "@45": 0.9831730769230769, "@50": 0.9831730769230769}, "mrr": 0.7589131430718283, "ndcg": 0.8136091487782718}, "Web Query": {"avg_candidate_rank": 17.173040152963672, "avg_best_candidate_rank": 7.499043977055449, "recall": {"@5": 0.5468451242829828, "@10": 0.7045889101338432, "@15": 0.7829827915869981, "@20": 0.8326959847036329, "@25": 0.861376673040153, "@30": 0.872848948374761, "@35": 0.887189292543021, "@40": 0.8967495219885278, "@45": 0.9130019120458891, "@50": 0.9216061185468452}, "mrr": 0.4609595696498346, "ndcg": 0.6191587703846293}, "CodeSearchNet": {"avg_candidate_rank": 247.08820346320346, "avg_best_candidate_rank": 226.50948660714286, "recall": {"@5": 0.5082521645021645, "@10": 0.586940836940837, "@15": 0.6309072871572872, "@20": 0.659541847041847, "@25": 0.6825847763347763, "@30": 0.6998106060606061, "@35": 0.7146464646464646, "@40": 0.7276334776334776, "@45": 0.7380501443001443, "@50": 0.7473394660894661}, "mrr": 0.4088774897652799, "ndcg": 0.5141860596061147}}