{"CoNaLa": {"avg_candidate_rank": 7.474, "avg_best_candidate_rank": 5.252054794520548, "recall": {"@5": 0.688, "@10": 0.81, "@15": 0.864, "@20": 0.896, "@25": 0.932, "@30": 0.944, "@35": 0.956, "@40": 0.96, "@45": 0.968, "@50": 0.974}, "mrr": 0.5564063184703516, "ndcg": 0.662799269478309}, "External Knowledge": {"avg_candidate_rank": 6.622596153846154, "avg_best_candidate_rank": 6.035616438356165, "recall": {"@5": 0.7740384615384616, "@10": 0.8533653846153846, "@15": 0.9014423076923077, "@20": 0.9182692307692307, "@25": 0.9350961538461539, "@30": 0.9471153846153846, "@35": 0.9495192307692307, "@40": 0.9591346153846154, "@45": 0.9639423076923077, "@50": 0.96875}, "mrr": 0.6958494340652402, "ndcg": 0.7630562241301931}, "Web Query": {"avg_candidate_rank": 17.295411089866157, "avg_best_candidate_rank": 7.6195028680688335, "recall": {"@5": 0.5640535372848948, "@10": 0.7017208413001912, "@15": 0.765774378585086, "@20": 0.8087954110898662, "@25": 0.8489483747609943, "@30": 0.875717017208413, "@35": 0.8910133843212237, "@40": 0.904397705544933, "@45": 0.9130019120458891, "@50": 0.9196940726577438}, "mrr": 0.4630109551635537, "ndcg": 0.618086029684091}, "CodeSearchNet": {"avg_candidate_rank": 56.450351731601735, "avg_best_candidate_rank": 49.227260044642854, "recall": {"@5": 0.8440656565656566, "@10": 0.877435064935065, "@15": 0.8949765512265512, "@20": 0.9050324675324676, "@25": 0.9132846320346321, "@30": 0.9184253246753247, "@35": 0.9234758297258298, "@40": 0.9278499278499278, "@45": 0.9316378066378066, "@50": 0.9347492784992785}, "mrr": 0.7767250179867011, "ndcg": 0.8217321392859533}}