{"CoNaLa": {"avg_candidate_rank": 8.508, "avg_best_candidate_rank": 5.96986301369863, "recall": {"@5": 0.672, "@10": 0.8, "@15": 0.86, "@20": 0.906, "@25": 0.918, "@30": 0.928, "@35": 0.944, "@40": 0.954, "@45": 0.956, "@50": 0.962}, "mrr": 0.566958670576869, "ndcg": 0.6713215298484605}, "External Knowledge": {"avg_candidate_rank": 4.060096153846154, "avg_best_candidate_rank": 2.695890410958904, "recall": {"@5": 0.9014423076923077, "@10": 0.9350961538461539, "@15": 0.9639423076923077, "@20": 0.96875, "@25": 0.9711538461538461, "@30": 0.9735576923076923, "@35": 0.9735576923076923, "@40": 0.9759615384615384, "@45": 0.9759615384615384, "@50": 0.9783653846153846}, "mrr": 0.847467887323584, "ndcg": 0.8824434318720775}, "Web Query": {"avg_candidate_rank": 25.1434034416826, "avg_best_candidate_rank": 11.521988527724666, "recall": {"@5": 0.494263862332696, "@10": 0.6443594646271511, "@15": 0.7217973231357553, "@20": 0.7734225621414914, "@25": 0.8078393881453155, "@30": 0.8260038240917782, "@35": 0.8527724665391969, "@40": 0.8652007648183556, "@45": 0.8747609942638623, "@50": 0.890057361376673}, "mrr": 0.4016752138074991, "ndcg": 0.5704028561473194}}