{"CoNaLa": {"avg_candidate_rank": 7.384, "avg_best_candidate_rank": 5.413698630136986, "recall": {"@5": 0.66, "@10": 0.802, "@15": 0.866, "@20": 0.9, "@25": 0.914, "@30": 0.94, "@35": 0.956, "@40": 0.964, "@45": 0.968, "@50": 0.97}, "mrr": 0.5660326410261795, "ndcg": 0.6710442523756274}, "External Knowledge": {"avg_candidate_rank": 9.459134615384615, "avg_best_candidate_rank": 8.534246575342467, "recall": {"@5": 0.7379807692307693, "@10": 0.8293269230769231, "@15": 0.8677884615384616, "@20": 0.8942307692307693, "@25": 0.9110576923076923, "@30": 0.9254807692307693, "@35": 0.9375, "@40": 0.9423076923076923, "@45": 0.9471153846153846, "@50": 0.9495192307692307}, "mrr": 0.667682457975561, "ndcg": 0.739180801995891}, "Web Query": {"avg_candidate_rank": 20.033460803059274, "avg_best_candidate_rank": 9.103250478011473, "recall": {"@5": 0.5611854684512428, "@10": 0.6912045889101338, "@15": 0.7562141491395793, "@20": 0.7992351816443595, "@25": 0.8279158699808795, "@30": 0.858508604206501, "@35": 0.8766730401529637, "@40": 0.890057361376673, "@45": 0.9034416826003824, "@50": 0.9110898661567878}, "mrr": 0.45044611885354596, "ndcg": 0.6084625704370134}, "CodeSearchNet": {"avg_candidate_rank": 74.69579725829726, "avg_best_candidate_rank": 65.77162388392857, "recall": {"@5": 0.8204816017316018, "@10": 0.8593975468975469, "@15": 0.8776605339105339, "@20": 0.8886634199134199, "@25": 0.8970959595959596, "@30": 0.902958152958153, "@35": 0.9076479076479076, "@40": 0.9122023809523809, "@45": 0.9159902597402597, "@50": 0.9196428571428571}, "mrr": 0.7538321242129113, "ndcg": 0.8022921518123838}}