{"CoNaLa": {"avg_candidate_rank": 9.338, "avg_best_candidate_rank": 7.041095890410959, "recall": {"@5": 0.66, "@10": 0.79, "@15": 0.836, "@20": 0.87, "@25": 0.912, "@30": 0.922, "@35": 0.94, "@40": 0.95, "@45": 0.954, "@50": 0.968}, "mrr": 0.5532224139449305, "ndcg": 0.6597308701453913}, "External Knowledge": {"avg_candidate_rank": 3.0841346153846154, "avg_best_candidate_rank": 1.726027397260274, "recall": {"@5": 0.9254807692307693, "@10": 0.9447115384615384, "@15": 0.9663461538461539, "@20": 0.9711538461538461, "@25": 0.9711538461538461, "@30": 0.9783653846153846, "@35": 0.9807692307692307, "@40": 0.9831730769230769, "@45": 0.9903846153846154, "@50": 0.9927884615384616}, "mrr": 0.8736972855469131, "ndcg": 0.9025323865568275}, "Web Query": {"avg_candidate_rank": 21.717017208413, "avg_best_candidate_rank": 10.162523900573614, "recall": {"@5": 0.5248565965583174, "@10": 0.6606118546845124, "@15": 0.739961759082218, "@20": 0.7839388145315488, "@25": 0.8145315487571702, "@30": 0.8393881453154876, "@35": 0.8594646271510517, "@40": 0.875717017208413, "@45": 0.8862332695984704, "@50": 0.9091778202676865}, "mrr": 0.4427960181131019, "ndcg": 0.6055869724141149}}