{"CoNaLa": {"avg_candidate_rank": 6.122, "avg_best_candidate_rank": 4.780821917808219, "recall": {"@5": 0.71, "@10": 0.84, "@15": 0.904, "@20": 0.928, "@25": 0.958, "@30": 0.97, "@35": 0.974, "@40": 0.974, "@45": 0.98, "@50": 0.98}, "mrr": 0.5893775048351729, "ndcg": 0.6894831159016387}, "External Knowledge": {"avg_candidate_rank": 4.4735576923076925, "avg_best_candidate_rank": 2.767123287671233, "recall": {"@5": 0.9038461538461539, "@10": 0.9495192307692307, "@15": 0.9567307692307693, "@20": 0.9663461538461539, "@25": 0.96875, "@30": 0.9783653846153846, "@35": 0.9783653846153846, "@40": 0.9783653846153846, "@45": 0.9783653846153846, "@50": 0.9807692307692307}, "mrr": 0.849948119237917, "ndcg": 0.8849047747792832}, "Web Query": {"avg_candidate_rank": 16.681644359464627, "avg_best_candidate_rank": 8.638623326959847, "recall": {"@5": 0.6108986615678776, "@10": 0.7533460803059273, "@15": 0.8135755258126195, "@20": 0.8508604206500956, "@25": 0.8718929254302104, "@30": 0.8910133843212237, "@35": 0.9063097514340345, "@40": 0.9225621414913958, "@45": 0.9292543021032504, "@50": 0.9349904397705545}, "mrr": 0.5035066612599686, "ndcg": 0.6519096082886833}}