{"CoNaLa": {"avg_candidate_rank": 7.504, "avg_best_candidate_rank": 5.079452054794521, "recall": {"@5": 0.712, "@10": 0.832, "@15": 0.882, "@20": 0.914, "@25": 0.932, "@30": 0.95, "@35": 0.956, "@40": 0.96, "@45": 0.968, "@50": 0.972}, "mrr": 0.586633538574197, "ndcg": 0.6873529622693094}, "External Knowledge": {"avg_candidate_rank": 4.8076923076923075, "avg_best_candidate_rank": 3.372602739726027, "recall": {"@5": 0.9110576923076923, "@10": 0.9399038461538461, "@15": 0.9567307692307693, "@20": 0.96875, "@25": 0.9735576923076923, "@30": 0.9783653846153846, "@35": 0.9831730769230769, "@40": 0.9831730769230769, "@45": 0.9831730769230769, "@50": 0.9831730769230769}, "mrr": 0.8375409061314901, "ndcg": 0.8748274630343768}, "Web Query": {"avg_candidate_rank": 16.689292543021033, "avg_best_candidate_rank": 8.697896749521988, "recall": {"@5": 0.6118546845124283, "@10": 0.748565965583174, "@15": 0.8269598470363289, "@20": 0.858508604206501, "@25": 0.8814531548757171, "@30": 0.8881453154875717, "@35": 0.8996175908221797, "@40": 0.9110898661567878, "@45": 0.9196940726577438, "@50": 0.9254302103250478}, "mrr": 0.49361023845797547, "ndcg": 0.6435687052891675}}