{"CoNaLa": {"avg_candidate_rank": 8.85, "avg_best_candidate_rank": 5.054794520547945, "recall": {"@5": 0.68, "@10": 0.84, "@15": 0.876, "@20": 0.894, "@25": 0.91, "@30": 0.94, "@35": 0.95, "@40": 0.964, "@45": 0.968, "@50": 0.968}, "mrr": 0.5709566158199854, "ndcg": 0.6749856632893914}, "External Knowledge": {"avg_candidate_rank": 8.533653846153847, "avg_best_candidate_rank": 7.191780821917808, "recall": {"@5": 0.8557692307692307, "@10": 0.8918269230769231, "@15": 0.9206730769230769, "@20": 0.9399038461538461, "@25": 0.9495192307692307, "@30": 0.9519230769230769, "@35": 0.9543269230769231, "@40": 0.9615384615384616, "@45": 0.9663461538461539, "@50": 0.96875}, "mrr": 0.7664086614900427, "ndcg": 0.8177206674644719}, "Web Query": {"avg_candidate_rank": 17.580305927342256, "avg_best_candidate_rank": 9.588910133843212, "recall": {"@5": 0.5860420650095602, "@10": 0.7275334608030593, "@15": 0.7915869980879541, "@20": 0.8326959847036329, "@25": 0.8661567877629063, "@30": 0.8824091778202677, "@35": 0.9072657743785851, "@40": 0.9187380497131931, "@45": 0.9254302103250478, "@50": 0.9330783938814532}, "mrr": 0.484226988179121, "ndcg": 0.6370198024807868}}