{"CoNaLa": {"avg_candidate_rank": 8.304, "avg_best_candidate_rank": 6.736986301369863, "recall": {"@5": 0.598, "@10": 0.772, "@15": 0.85, "@20": 0.888, "@25": 0.91, "@30": 0.934, "@35": 0.952, "@40": 0.96, "@45": 0.97, "@50": 0.974}, "mrr": 0.4806918860049141, "ndcg": 0.6037463031406033}, "External Knowledge": {"avg_candidate_rank": 10.584134615384615, "avg_best_candidate_rank": 10.452054794520548, "recall": {"@5": 0.7475961538461539, "@10": 0.8197115384615384, "@15": 0.8605769230769231, "@20": 0.8870192307692307, "@25": 0.90625, "@30": 0.9110576923076923, "@35": 0.9158653846153846, "@40": 0.9182692307692307, "@45": 0.9254807692307693, "@50": 0.9302884615384616}, "mrr": 0.6446520702542166, "ndcg": 0.720274230365675}, "Web Query": {"avg_candidate_rank": 24.091778202676863, "avg_best_candidate_rank": 11.101338432122372, "recall": {"@5": 0.4588910133843212, "@10": 0.621414913957935, "@15": 0.7007648183556405, "@20": 0.754302103250478, "@25": 0.7848948374760994, "@30": 0.8107074569789675, "@35": 0.8403441682600382, "@40": 0.8623326959847036, "@45": 0.8738049713193117, "@50": 0.8824091778202677}, "mrr": 0.3601891166049967, "ndcg": 0.5331523292423083}, "CodeSearchNet": {"avg_candidate_rank": 441.74089105339107, "avg_best_candidate_rank": 418.6695963541667, "recall": {"@5": 0.3446518759018759, "@10": 0.42397186147186144, "@15": 0.4715007215007215, "@20": 0.5058170995670995, "@25": 0.5317911255411255, "@30": 0.555690836940837, "@35": 0.5731421356421357, "@40": 0.5894660894660895, "@45": 0.6039411976911977, "@50": 0.615755772005772}, "mrr": 0.26357174692425367, "ndcg": 0.38467846845602116}}