{"CoNaLa": {"avg_candidate_rank": 14.974, "avg_best_candidate_rank": 8.161643835616438, "recall": {"@5": 0.614, "@10": 0.764, "@15": 0.834, "@20": 0.874, "@25": 0.91, "@30": 0.916, "@35": 0.92, "@40": 0.93, "@45": 0.938, "@50": 0.95}, "mrr": 0.513861855377112, "ndcg": 0.6291148510412643}, "External Knowledge": {"avg_candidate_rank": 9.411057692307692, "avg_best_candidate_rank": 9.073972602739726, "recall": {"@5": 0.75, "@10": 0.8317307692307693, "@15": 0.8822115384615384, "@20": 0.90625, "@25": 0.9206730769230769, "@30": 0.9278846153846154, "@35": 0.9326923076923077, "@40": 0.9399038461538461, "@45": 0.9471153846153846, "@50": 0.9543269230769231}, "mrr": 0.6566155713287256, "ndcg": 0.732117706326693}, "Web Query": {"avg_candidate_rank": 21.937858508604208, "avg_best_candidate_rank": 9.2868068833652, "recall": {"@5": 0.5391969407265774, "@10": 0.6816443594646272, "@15": 0.748565965583174, "@20": 0.7829827915869981, "@25": 0.8107074569789675, "@30": 0.8413001912045889, "@35": 0.858508604206501, "@40": 0.8776290630975143, "@45": 0.890057361376673, "@50": 0.8967495219885278}, "mrr": 0.43353747279578214, "ndcg": 0.5959586562221425}, "CodeSearchNet": {"avg_candidate_rank": 613.4317730880231, "avg_best_candidate_rank": 583.1949869791666, "recall": {"@5": 0.34429112554112556, "@10": 0.41671176046176045, "@15": 0.4601370851370851, "@20": 0.4905753968253968, "@25": 0.5150162337662337, "@30": 0.5344516594516594, "@35": 0.5522637085137085, "@40": 0.5670093795093795, "@45": 0.5795905483405484, "@50": 0.5909541847041847}, "mrr": 0.2684350710667512, "ndcg": 0.3854875041833524}}