{"CoNaLa": {"avg_candidate_rank": 13.362, "avg_best_candidate_rank": 7.265753424657534, "recall": {"@5": 0.606, "@10": 0.738, "@15": 0.804, "@20": 0.842, "@25": 0.878, "@30": 0.906, "@35": 0.924, "@40": 0.93, "@45": 0.936, "@50": 0.944}, "mrr": 0.504972023109151, "ndcg": 0.6208540927472482}, "External Knowledge": {"avg_candidate_rank": 11.161057692307692, "avg_best_candidate_rank": 10.586301369863014, "recall": {"@5": 0.7524038461538461, "@10": 0.8221153846153846, "@15": 0.8461538461538461, "@20": 0.8677884615384616, "@25": 0.8846153846153846, "@30": 0.8990384615384616, "@35": 0.9182692307692307, "@40": 0.9254807692307693, "@45": 0.9350961538461539, "@50": 0.9471153846153846}, "mrr": 0.6680022519080487, "ndcg": 0.7374006746718784}, "Web Query": {"avg_candidate_rank": 22.28585086042065, "avg_best_candidate_rank": 9.08604206500956, "recall": {"@5": 0.48852772466539196, "@10": 0.6481835564053537, "@15": 0.722753346080306, "@20": 0.768642447418738, "@25": 0.7992351816443595, "@30": 0.8193116634799236, "@35": 0.8451242829827916, "@40": 0.864244741873805, "@45": 0.8738049713193117, "@50": 0.8910133843212237}, "mrr": 0.41073775974830823, "ndcg": 0.5767504496844652}, "CodeSearchNet": {"avg_candidate_rank": 101.9018308080808, "avg_best_candidate_rank": 93.45382254464286, "recall": {"@5": 0.7590638528138528, "@10": 0.8069083694083694, "@15": 0.8318452380952381, "@20": 0.8482593795093795, "@25": 0.8590818903318903, "@30": 0.86882215007215, "@35": 0.8764430014430015, "@40": 0.8829365079365079, "@45": 0.8886183261183261, "@50": 0.8926767676767676}, "mrr": 0.6799843709439184, "ndcg": 0.741621928914903}}