{"CoNaLa": {"avg_candidate_rank": 7.062, "avg_best_candidate_rank": 5.380821917808219, "recall": {"@5": 0.698, "@10": 0.832, "@15": 0.88, "@20": 0.9, "@25": 0.924, "@30": 0.946, "@35": 0.956, "@40": 0.964, "@45": 0.968, "@50": 0.972}, "mrr": 0.573966452373102, "ndcg": 0.6777511185344105}, "External Knowledge": {"avg_candidate_rank": 7.225961538461538, "avg_best_candidate_rank": 6.391780821917808, "recall": {"@5": 0.7884615384615384, "@10": 0.8677884615384616, "@15": 0.8942307692307693, "@20": 0.9230769230769231, "@25": 0.9302884615384616, "@30": 0.9447115384615384, "@35": 0.9519230769230769, "@40": 0.9543269230769231, "@45": 0.9567307692307693, "@50": 0.9591346153846154}, "mrr": 0.6740788259730653, "ndcg": 0.74691693074878}, "Web Query": {"avg_candidate_rank": 20.358508604206502, "avg_best_candidate_rank": 8.537284894837477, "recall": {"@5": 0.5449330783938815, "@10": 0.6950286806883366, "@15": 0.7562141491395793, "@20": 0.8011472275334608, "@25": 0.8221797323135756, "@30": 0.8546845124282982, "@35": 0.869980879541109, "@40": 0.8833652007648184, "@45": 0.8948374760994264, "@50": 0.9034416826003824}, "mrr": 0.43837444876183146, "ndcg": 0.5992237694056491}, "CodeSearchNet": {"avg_candidate_rank": 387.40025252525254, "avg_best_candidate_rank": 364.9990699404762, "recall": {"@5": 0.431773088023088, "@10": 0.5101461038961039, "@15": 0.5561868686868687, "@20": 0.5870761183261183, "@25": 0.6098484848484849, "@30": 0.6284722222222222, "@35": 0.6444805194805194, "@40": 0.6574224386724387, "@45": 0.669687950937951, "@50": 0.6798791486291487}, "mrr": 0.33964055914030056, "ndcg": 0.4519511622041487}}