{"CoNaLa": {"avg_candidate_rank": 10.794, "avg_best_candidate_rank": 5.254794520547946, "recall": {"@5": 0.686, "@10": 0.814, "@15": 0.872, "@20": 0.906, "@25": 0.92, "@30": 0.936, "@35": 0.948, "@40": 0.956, "@45": 0.962, "@50": 0.964}, "mrr": 0.5649744987837332, "ndcg": 0.6708952712771001}, "External Knowledge": {"avg_candidate_rank": 6.497596153846154, "avg_best_candidate_rank": 5.156164383561644, "recall": {"@5": 0.875, "@10": 0.9158653846153846, "@15": 0.9423076923076923, "@20": 0.9495192307692307, "@25": 0.9519230769230769, "@30": 0.9663461538461539, "@35": 0.96875, "@40": 0.9711538461538461, "@45": 0.9735576923076923, "@50": 0.9759615384615384}, "mrr": 0.7724578700510321, "ndcg": 0.8236917563990812}, "Web Query": {"avg_candidate_rank": 16.932122370936902, "avg_best_candidate_rank": 8.296367112810707, "recall": {"@5": 0.5783938814531548, "@10": 0.7284894837476099, "@15": 0.7915869980879541, "@20": 0.8336520076481836, "@25": 0.8623326959847036, "@30": 0.8891013384321224, "@35": 0.9024856596558317, "@40": 0.9130019120458891, "@45": 0.9168260038240917, "@50": 0.9263862332695985}, "mrr": 0.4743475101880812, "ndcg": 0.6307079975971661}}