{"CoNaLa": {"avg_candidate_rank": 7.594, "avg_best_candidate_rank": 4.706849315068493, "recall": {"@5": 0.676, "@10": 0.808, "@15": 0.86, "@20": 0.89, "@25": 0.922, "@30": 0.944, "@35": 0.956, "@40": 0.966, "@45": 0.97, "@50": 0.97}, "mrr": 0.5928412055405846, "ndcg": 0.6925509140181606}, "External Knowledge": {"avg_candidate_rank": 6.8485576923076925, "avg_best_candidate_rank": 5.2246575342465755, "recall": {"@5": 0.7908653846153846, "@10": 0.8870192307692307, "@15": 0.9158653846153846, "@20": 0.9302884615384616, "@25": 0.9302884615384616, "@30": 0.9375, "@35": 0.9423076923076923, "@40": 0.9495192307692307, "@45": 0.9543269230769231, "@50": 0.9567307692307693}, "mrr": 0.7043696862933734, "ndcg": 0.770781118762569}, "Web Query": {"avg_candidate_rank": 19.64435946462715, "avg_best_candidate_rank": 7.988527724665392, "recall": {"@5": 0.5535372848948374, "@10": 0.7007648183556405, "@15": 0.7743785850860421, "@20": 0.8107074569789675, "@25": 0.8479923518164436, "@30": 0.8661567877629063, "@35": 0.8862332695984704, "@40": 0.8948374760994264, "@45": 0.9005736137667304, "@50": 0.9101338432122371}, "mrr": 0.44452386921050424, "ndcg": 0.6054778906853194}, "CodeSearchNet": {"avg_candidate_rank": 301.03954725829726, "avg_best_candidate_rank": 281.1298363095238, "recall": {"@5": 0.4732142857142857, "@10": 0.5557359307359307, "@15": 0.5975829725829725, "@20": 0.6284271284271284, "@25": 0.6517857142857143, "@30": 0.6702290764790765, "@35": 0.6881313131313131, "@40": 0.7019751082251082, "@45": 0.7141053391053391, "@50": 0.724025974025974}, "mrr": 0.3772206671910623, "ndcg": 0.48616299324820167}}