{"CoNaLa": {"avg_candidate_rank": 9.592, "avg_best_candidate_rank": 4.978082191780822, "recall": {"@5": 0.66, "@10": 0.816, "@15": 0.874, "@20": 0.908, "@25": 0.928, "@30": 0.934, "@35": 0.944, "@40": 0.956, "@45": 0.964, "@50": 0.97}, "mrr": 0.5652648194035167, "ndcg": 0.6715218339300721}, "External Knowledge": {"avg_candidate_rank": 5.0625, "avg_best_candidate_rank": 3.66027397260274, "recall": {"@5": 0.8942307692307693, "@10": 0.9326923076923077, "@15": 0.9543269230769231, "@20": 0.9663461538461539, "@25": 0.9711538461538461, "@30": 0.9759615384615384, "@35": 0.9759615384615384, "@40": 0.9759615384615384, "@45": 0.9759615384615384, "@50": 0.9783653846153846}, "mrr": 0.8334371094009201, "ndcg": 0.8706689145887704}, "Web Query": {"avg_candidate_rank": 15.94263862332696, "avg_best_candidate_rank": 8.470363288718929, "recall": {"@5": 0.5965583173996176, "@10": 0.7437858508604207, "@15": 0.8135755258126195, "@20": 0.8537284894837476, "@25": 0.8795411089866156, "@30": 0.8977055449330784, "@35": 0.9082217973231358, "@40": 0.9177820267686424, "@45": 0.9282982791586998, "@50": 0.9378585086042065}, "mrr": 0.48882836934032914, "ndcg": 0.6402970483788298}}