{"CoNaLa": {"avg_candidate_rank": 6.012, "avg_best_candidate_rank": 4.353424657534247, "recall": {"@5": 0.726, "@10": 0.84, "@15": 0.894, "@20": 0.928, "@25": 0.95, "@30": 0.966, "@35": 0.978, "@40": 0.98, "@45": 0.982, "@50": 0.986}, "mrr": 0.5945149167005741, "ndcg": 0.6936807669638169}, "External Knowledge": {"avg_candidate_rank": 4.069711538461538, "avg_best_candidate_rank": 2.6876712328767125, "recall": {"@5": 0.8990384615384616, "@10": 0.9350961538461539, "@15": 0.9519230769230769, "@20": 0.9615384615384616, "@25": 0.9639423076923077, "@30": 0.9711538461538461, "@35": 0.9759615384615384, "@40": 0.9783653846153846, "@45": 0.9831730769230769, "@50": 0.9831730769230769}, "mrr": 0.8433699307279838, "ndcg": 0.8798675945424996}, "Web Query": {"avg_candidate_rank": 17.47418738049713, "avg_best_candidate_rank": 9.061185468451242, "recall": {"@5": 0.6080305927342257, "@10": 0.754302103250478, "@15": 0.8260038240917782, "@20": 0.8556405353728489, "@25": 0.8738049713193117, "@30": 0.8938814531548758, "@35": 0.9063097514340345, "@40": 0.9139579349904398, "@45": 0.9282982791586998, "@50": 0.9330783938814532}, "mrr": 0.5121868647138706, "ndcg": 0.659290156100524}}