{"CoNaLa": {"avg_candidate_rank": 14.056, "avg_best_candidate_rank": 5.284931506849315, "recall": {"@5": 0.628, "@10": 0.756, "@15": 0.822, "@20": 0.87, "@25": 0.902, "@30": 0.922, "@35": 0.928, "@40": 0.934, "@45": 0.94, "@50": 0.954}, "mrr": 0.5295105388384819, "ndcg": 0.643439213758907}, "External Knowledge": {"avg_candidate_rank": 10.028846153846153, "avg_best_candidate_rank": 9.797260273972602, "recall": {"@5": 0.7548076923076923, "@10": 0.8365384615384616, "@15": 0.8918269230769231, "@20": 0.9110576923076923, "@25": 0.9326923076923077, "@30": 0.9350961538461539, "@35": 0.9447115384615384, "@40": 0.9471153846153846, "@45": 0.9471153846153846, "@50": 0.9519230769230769}, "mrr": 0.6584240913197176, "ndcg": 0.7324300676143832}, "Web Query": {"avg_candidate_rank": 18.381453154875718, "avg_best_candidate_rank": 7.7151051625239, "recall": {"@5": 0.5296367112810707, "@10": 0.6864244741873805, "@15": 0.7552581261950286, "@20": 0.8145315487571702, "@25": 0.8479923518164436, "@30": 0.8680688336520076, "@35": 0.8804971319311663, "@40": 0.8977055449330784, "@45": 0.9082217973231358, "@50": 0.9149139579349904}, "mrr": 0.4422402446883158, "ndcg": 0.6047073317878847}, "CodeSearchNet": {"avg_candidate_rank": 565.3556998556999, "avg_best_candidate_rank": 540.1274181547619, "recall": {"@5": 0.3389700577200577, "@10": 0.4090909090909091, "@15": 0.4531926406926407, "@20": 0.48381132756132755, "@25": 0.5080717893217893, "@30": 0.5281836219336219, "@35": 0.5443722943722944, "@40": 0.5600198412698413, "@45": 0.5727813852813853, "@50": 0.5850018037518038}, "mrr": 0.26783910963335106, "ndcg": 0.3841599072496556}}