{"CoNaLa": {"avg_candidate_rank": 8.664, "avg_best_candidate_rank": 6.794520547945205, "recall": {"@5": 0.624, "@10": 0.768, "@15": 0.836, "@20": 0.872, "@25": 0.898, "@30": 0.914, "@35": 0.934, "@40": 0.944, "@45": 0.952, "@50": 0.96}, "mrr": 0.5464709039542053, "ndcg": 0.6535112840309746}, "External Knowledge": {"avg_candidate_rank": 5.6298076923076925, "avg_best_candidate_rank": 4.145205479452055, "recall": {"@5": 0.8701923076923077, "@10": 0.9134615384615384, "@15": 0.9302884615384616, "@20": 0.9375, "@25": 0.9447115384615384, "@30": 0.9543269230769231, "@35": 0.9639423076923077, "@40": 0.9663461538461539, "@45": 0.9663461538461539, "@50": 0.9711538461538461}, "mrr": 0.8010900152899997, "ndcg": 0.8457776441790493}, "Web Query": {"avg_candidate_rank": 25.908221797323137, "avg_best_candidate_rank": 11.75717017208413, "recall": {"@5": 0.48565965583174, "@10": 0.6108986615678776, "@15": 0.7045889101338432, "@20": 0.7504780114722753, "@25": 0.7934990439770554, "@30": 0.8173996175908221, "@35": 0.8393881453154876, "@40": 0.8508604206500956, "@45": 0.8709369024856597, "@50": 0.8852772466539197}, "mrr": 0.39587918449733756, "ndcg": 0.5657019372527283}}