{"CoNaLa": {"avg_candidate_rank": 8.6, "avg_best_candidate_rank": 6.553424657534246, "recall": {"@5": 0.628, "@10": 0.784, "@15": 0.852, "@20": 0.89, "@25": 0.916, "@30": 0.936, "@35": 0.942, "@40": 0.944, "@45": 0.948, "@50": 0.954}, "mrr": 0.5499350844894313, "ndcg": 0.6565256468797885}, "External Knowledge": {"avg_candidate_rank": 7.459134615384615, "avg_best_candidate_rank": 6.802739726027397, "recall": {"@5": 0.7451923076923077, "@10": 0.8389423076923077, "@15": 0.8846153846153846, "@20": 0.90625, "@25": 0.9278846153846154, "@30": 0.9375, "@35": 0.9447115384615384, "@40": 0.9495192307692307, "@45": 0.9543269230769231, "@50": 0.9591346153846154}, "mrr": 0.6433415371195417, "ndcg": 0.7223314279260499}, "Web Query": {"avg_candidate_rank": 21.15869980879541, "avg_best_candidate_rank": 9.323135755258127, "recall": {"@5": 0.5133843212237094, "@10": 0.6606118546845124, "@15": 0.7361376673040153, "@20": 0.7743785850860421, "@25": 0.8145315487571702, "@30": 0.8374760994263862, "@35": 0.8623326959847036, "@40": 0.8766730401529637, "@45": 0.8862332695984704, "@50": 0.8986615678776291}, "mrr": 0.41866562901875753, "ndcg": 0.5833792752354781}, "CodeSearchNet": {"avg_candidate_rank": 543.1309072871572, "avg_best_candidate_rank": 518.3259858630952, "recall": {"@5": 0.3389700577200577, "@10": 0.41238275613275616, "@15": 0.45481601731601734, "@20": 0.48728354978354976, "@25": 0.5116792929292929, "@30": 0.5329635642135642, "@35": 0.5500992063492064, "@40": 0.5650252525252525, "@45": 0.5785533910533911, "@50": 0.5919462481962482}, "mrr": 0.2643831438174057, "ndcg": 0.3824417508199024}}