{"CoNaLa": {"avg_candidate_rank": 8.416, "avg_best_candidate_rank": 6.345205479452055, "recall": {"@5": 0.622, "@10": 0.774, "@15": 0.85, "@20": 0.882, "@25": 0.912, "@30": 0.932, "@35": 0.944, "@40": 0.95, "@45": 0.952, "@50": 0.96}, "mrr": 0.5469744468694926, "ndcg": 0.6533267785327573}, "External Knowledge": {"avg_candidate_rank": 7.459134615384615, "avg_best_candidate_rank": 6.802739726027397, "recall": {"@5": 0.7451923076923077, "@10": 0.8389423076923077, "@15": 0.8846153846153846, "@20": 0.90625, "@25": 0.9278846153846154, "@30": 0.9375, "@35": 0.9447115384615384, "@40": 0.9495192307692307, "@45": 0.9543269230769231, "@50": 0.9591346153846154}, "mrr": 0.6433415371195417, "ndcg": 0.7223314279260499}, "CodeSearchNet": {"avg_candidate_rank": 425.05163977095265, "avg_best_candidate_rank": 425.1728806498646, "recall": {"@5": 0.5208224882873503, "@10": 0.5883394065590838, "@15": 0.6269651223321187, "@20": 0.6537220197813639, "@25": 0.6735033836543467, "@30": 0.6900572618427903, "@35": 0.7047891723060906, "@40": 0.7158250910983862, "@45": 0.726444560124935, "@50": 0.7369599167100469}, "mrr": 0.43612912322013153, "ndcg": 0.5312714081713177}}