{"CoNaLa": {"avg_candidate_rank": 8.416, "avg_best_candidate_rank": 6.345205479452055, "recall": {"@5": 0.622, "@10": 0.774, "@15": 0.85, "@20": 0.882, "@25": 0.912, "@30": 0.932, "@35": 0.944, "@40": 0.95, "@45": 0.952, "@50": 0.96}, "mrr": 0.5469744468694926, "ndcg": 0.6533267785327573}, "External Knowledge": {"avg_candidate_rank": 7.459134615384615, "avg_best_candidate_rank": 6.802739726027397, "recall": {"@5": 0.7451923076923077, "@10": 0.8389423076923077, "@15": 0.8846153846153846, "@20": 0.90625, "@25": 0.9278846153846154, "@30": 0.9375, "@35": 0.9447115384615384, "@40": 0.9495192307692307, "@45": 0.9543269230769231, "@50": 0.9591346153846154}, "mrr": 0.6433415371195417, "ndcg": 0.7223314279260499}, "Web Query": {"avg_candidate_rank": 20.951242829827915, "avg_best_candidate_rank": 9.395793499043977, "recall": {"@5": 0.5200764818355641, "@10": 0.6663479923518164, "@15": 0.7418738049713193, "@20": 0.7782026768642447, "@25": 0.8183556405353728, "@30": 0.8432122370936902, "@35": 0.8690248565965584, "@40": 0.8824091778202677, "@45": 0.8938814531548758, "@50": 0.9024856596558317}, "mrr": 0.4264500685866761, "ndcg": 0.5890878113081793}, "CodeSearchNet": {"avg_candidate_rank": 104.3845147907648, "avg_best_candidate_rank": 92.95056733630952, "recall": {"@5": 0.7774170274170275, "@10": 0.8215638528138528, "@15": 0.843299062049062, "@20": 0.8573232323232324, "@25": 0.867739898989899, "@30": 0.8764430014430015, "@35": 0.8831168831168831, "@40": 0.8886634199134199, "@45": 0.8935335497835498, "@50": 0.8982683982683982}, "mrr": 0.7031731257774133, "ndcg": 0.7603612779555453}}