{"CoNaLa": {"avg_candidate_rank": 9.612, "avg_best_candidate_rank": 6.901369863013699, "recall": {"@5": 0.604, "@10": 0.74, "@15": 0.812, "@20": 0.852, "@25": 0.892, "@30": 0.914, "@35": 0.93, "@40": 0.946, "@45": 0.954, "@50": 0.966}, "mrr": 0.48938460501738545, "ndcg": 0.609827351313026}, "External Knowledge": {"avg_candidate_rank": 7.076923076923077, "avg_best_candidate_rank": 6.602739726027397, "recall": {"@5": 0.7884615384615384, "@10": 0.8605769230769231, "@15": 0.8942307692307693, "@20": 0.9158653846153846, "@25": 0.9375, "@30": 0.9447115384615384, "@35": 0.9543269230769231, "@40": 0.9567307692307693, "@45": 0.9615384615384616, "@50": 0.9639423076923077}, "mrr": 0.698392059687895, "ndcg": 0.7648790578976503}, "Web Query": {"avg_candidate_rank": 19.755258126195027, "avg_best_candidate_rank": 8.307839388145316, "recall": {"@5": 0.5258126195028681, "@10": 0.6644359464627151, "@15": 0.737093690248566, "@20": 0.7954110898661568, "@25": 0.8269598470363289, "@30": 0.8518164435946463, "@35": 0.8738049713193117, "@40": 0.884321223709369, "@45": 0.8957934990439771, "@50": 0.9005736137667304}, "mrr": 0.43033439181296174, "ndcg": 0.5951660011409405}, "CodeSearchNet": {"avg_candidate_rank": 328.6628336940837, "avg_best_candidate_rank": 304.4351748511905, "recall": {"@5": 0.44728535353535354, "@10": 0.5259289321789322, "@15": 0.5707070707070707, "@20": 0.601461038961039, "@25": 0.6252254689754689, "@30": 0.6444354256854257, "@35": 0.6620220057720058, "@40": 0.6752344877344877, "@45": 0.6874098124098124, "@50": 0.6975108225108225}, "mrr": 0.35585420762043996, "ndcg": 0.46658377087769365}}