{"CoNaLa": {"avg_candidate_rank": 12.804, "avg_best_candidate_rank": 3.621917808219178, "recall": {"@5": 0.74, "@10": 0.842, "@15": 0.892, "@20": 0.928, "@25": 0.95, "@30": 0.954, "@35": 0.956, "@40": 0.96, "@45": 0.962, "@50": 0.966}, "mrr": 0.6184111918257024, "ndcg": 0.7144778538128995}, "External Knowledge": {"avg_candidate_rank": 9.459134615384615, "avg_best_candidate_rank": 8.23013698630137, "recall": {"@5": 0.7644230769230769, "@10": 0.8461538461538461, "@15": 0.8894230769230769, "@20": 0.9134615384615384, "@25": 0.9158653846153846, "@30": 0.9206730769230769, "@35": 0.9350961538461539, "@40": 0.9447115384615384, "@45": 0.9471153846153846, "@50": 0.9495192307692307}, "mrr": 0.6566734794380954, "ndcg": 0.7319069519576251}, "Web Query": {"avg_candidate_rank": 29.29923518164436, "avg_best_candidate_rank": 11.225621414913958, "recall": {"@5": 0.4980879541108987, "@10": 0.624282982791587, "@15": 0.6912045889101338, "@20": 0.7437858508604207, "@25": 0.7887189292543021, "@30": 0.8173996175908221, "@35": 0.8393881453154876, "@40": 0.8489483747609943, "@45": 0.864244741873805, "@50": 0.8718929254302104}, "mrr": 0.39876611239730153, "ndcg": 0.5670867886267388}, "CodeSearchNet": {"avg_candidate_rank": 892.4118416305917, "avg_best_candidate_rank": 860.6941499255952, "recall": {"@5": 0.2913961038961039, "@10": 0.3596681096681097, "@15": 0.40295815295815296, "@20": 0.4345689033189033, "@25": 0.45716089466089466, "@30": 0.47668650793650796, "@35": 0.4937319624819625, "@40": 0.5088834776334776, "@45": 0.5226821789321789, "@50": 0.534767316017316}, "mrr": 0.2271211112052122, "ndcg": 0.34568788825021496}}