{"CoNaLa": {"avg_candidate_rank": 9.906, "avg_best_candidate_rank": 5.145205479452055, "recall": {"@5": 0.676, "@10": 0.814, "@15": 0.872, "@20": 0.896, "@25": 0.92, "@30": 0.938, "@35": 0.948, "@40": 0.952, "@45": 0.96, "@50": 0.962}, "mrr": 0.5739330682054324, "ndcg": 0.6776940130406247}, "External Knowledge": {"avg_candidate_rank": 5.346153846153846, "avg_best_candidate_rank": 3.736986301369863, "recall": {"@5": 0.8725961538461539, "@10": 0.9254807692307693, "@15": 0.9423076923076923, "@20": 0.9615384615384616, "@25": 0.9711538461538461, "@30": 0.9711538461538461, "@35": 0.9711538461538461, "@40": 0.9735576923076923, "@45": 0.9735576923076923, "@50": 0.9735576923076923}, "mrr": 0.789461860078856, "ndcg": 0.8373639115695521}, "Web Query": {"avg_candidate_rank": 17.039196940726576, "avg_best_candidate_rank": 8.531548757170173, "recall": {"@5": 0.5898661567877629, "@10": 0.7304015296367112, "@15": 0.8040152963671128, "@20": 0.8403441682600382, "@25": 0.8671128107074569, "@30": 0.8833652007648184, "@35": 0.8986615678776291, "@40": 0.9101338432122371, "@45": 0.9225621414913958, "@50": 0.9302103250478011}, "mrr": 0.4821151732951722, "ndcg": 0.6361986581756119}}