{"CoNaLa": {"avg_candidate_rank": 5.606, "avg_best_candidate_rank": 4.145205479452055, "recall": {"@5": 0.702, "@10": 0.838, "@15": 0.902, "@20": 0.926, "@25": 0.95, "@30": 0.966, "@35": 0.978, "@40": 0.98, "@45": 0.986, "@50": 0.986}, "mrr": 0.5920036749612541, "ndcg": 0.6928378716100015}, "External Knowledge": {"avg_candidate_rank": 6.336538461538462, "avg_best_candidate_rank": 4.772602739726027, "recall": {"@5": 0.7980769230769231, "@10": 0.8846153846153846, "@15": 0.9110576923076923, "@20": 0.9254807692307693, "@25": 0.9350961538461539, "@30": 0.9495192307692307, "@35": 0.9543269230769231, "@40": 0.9567307692307693, "@45": 0.9639423076923077, "@50": 0.9663461538461539}, "mrr": 0.7101552851324426, "ndcg": 0.775102213653438}, "Web Query": {"avg_candidate_rank": 20.149139579349903, "avg_best_candidate_rank": 8.860420650095602, "recall": {"@5": 0.5478011472275335, "@10": 0.6864244741873805, "@15": 0.7552581261950286, "@20": 0.7992351816443595, "@25": 0.8422562141491395, "@30": 0.8652007648183556, "@35": 0.8814531548757171, "@40": 0.890057361376673, "@45": 0.8996175908221797, "@50": 0.9091778202676865}, "mrr": 0.448071294392661, "ndcg": 0.6056661129963644}, "CodeSearchNet": {"avg_candidate_rank": 323.01208513708514, "avg_best_candidate_rank": 299.7675316220238, "recall": {"@5": 0.4383567821067821, "@10": 0.5141143578643579, "@15": 0.5577651515151515, "@20": 0.5886994949494949, "@25": 0.6117424242424242, "@30": 0.6326208513708513, "@35": 0.6478625541125541, "@40": 0.6617965367965368, "@45": 0.6736111111111112, "@50": 0.6853805916305916}, "mrr": 0.34650101799396726, "ndcg": 0.45811142647257047}}