{"CoNaLa": {"avg_candidate_rank": 8.46, "avg_best_candidate_rank": 5.298630136986302, "recall": {"@5": 0.7, "@10": 0.838, "@15": 0.884, "@20": 0.914, "@25": 0.926, "@30": 0.938, "@35": 0.946, "@40": 0.954, "@45": 0.96, "@50": 0.962}, "mrr": 0.5944790880159083, "ndcg": 0.6942977755902079}, "External Knowledge": {"avg_candidate_rank": 10.911057692307692, "avg_best_candidate_rank": 10.594520547945205, "recall": {"@5": 0.7692307692307693, "@10": 0.8389423076923077, "@15": 0.875, "@20": 0.8990384615384616, "@25": 0.9110576923076923, "@30": 0.9182692307692307, "@35": 0.9375, "@40": 0.9399038461538461, "@45": 0.9495192307692307, "@50": 0.9519230769230769}, "mrr": 0.6548484818491676, "ndcg": 0.7299064926617588}, "Web Query": {"avg_candidate_rank": 22.760038240917783, "avg_best_candidate_rank": 10.510516252390058, "recall": {"@5": 0.5086042065009561, "@10": 0.6692160611854685, "@15": 0.7390057361376673, "@20": 0.7810707456978967, "@25": 0.8126195028680688, "@30": 0.8393881453154876, "@35": 0.8575525812619503, "@40": 0.8671128107074569, "@45": 0.8824091778202677, "@50": 0.8910133843212237}, "mrr": 0.4180258798522422, "ndcg": 0.5824917336233103}, "CodeSearchNet": {"avg_candidate_rank": 672.3484397546897, "avg_best_candidate_rank": 639.6997302827381, "recall": {"@5": 0.2838203463203463, "@10": 0.35267857142857145, "@15": 0.3956078643578644, "@20": 0.4264520202020202, "@25": 0.45084776334776333, "@30": 0.4704635642135642, "@35": 0.4880501443001443, "@40": 0.5020292207792207, "@45": 0.5164592352092352, "@50": 0.5282287157287158}, "mrr": 0.21936986107146864, "ndcg": 0.3398321405928154}}