{"CoNaLa": {"avg_candidate_rank": 8.804, "avg_best_candidate_rank": 5.131506849315069, "recall": {"@5": 0.698, "@10": 0.828, "@15": 0.872, "@20": 0.908, "@25": 0.932, "@30": 0.938, "@35": 0.946, "@40": 0.952, "@45": 0.954, "@50": 0.96}, "mrr": 0.5765809752569945, "ndcg": 0.6795362542893073}, "External Knowledge": {"avg_candidate_rank": 6.40625, "avg_best_candidate_rank": 4.723287671232876, "recall": {"@5": 0.8870192307692307, "@10": 0.9254807692307693, "@15": 0.9447115384615384, "@20": 0.9495192307692307, "@25": 0.9615384615384616, "@30": 0.9639423076923077, "@35": 0.9663461538461539, "@40": 0.96875, "@45": 0.9711538461538461, "@50": 0.9735576923076923}, "mrr": 0.805776521733353, "ndcg": 0.8497592431632336}, "Web Query": {"avg_candidate_rank": 16.04302103250478, "avg_best_candidate_rank": 7.759082217973232, "recall": {"@5": 0.5889101338432122, "@10": 0.751434034416826, "@15": 0.8068833652007649, "@20": 0.8451242829827916, "@25": 0.8632887189292543, "@30": 0.8795411089866156, "@35": 0.8977055449330784, "@40": 0.9091778202676865, "@45": 0.9254302103250478, "@50": 0.9311663479923518}, "mrr": 0.48025452861844564, "ndcg": 0.6328886306229029}}