{"CoNaLa": {"avg_candidate_rank": 26.404, "avg_best_candidate_rank": 14.178082191780822, "recall": {"@5": 0.542, "@10": 0.66, "@15": 0.74, "@20": 0.786, "@25": 0.812, "@30": 0.832, "@35": 0.852, "@40": 0.864, "@45": 0.882, "@50": 0.888}, "mrr": 0.4399981759272245, "ndcg": 0.5656170312626934}, "External Knowledge": {"avg_candidate_rank": 10.40625, "avg_best_candidate_rank": 9.742465753424657, "recall": {"@5": 0.7403846153846154, "@10": 0.8245192307692307, "@15": 0.8725961538461539, "@20": 0.8942307692307693, "@25": 0.9110576923076923, "@30": 0.9206730769230769, "@35": 0.9254807692307693, "@40": 0.9326923076923077, "@45": 0.9399038461538461, "@50": 0.9423076923076923}, "mrr": 0.6418329881256494, "ndcg": 0.7197380567578109}, "Web Query": {"avg_candidate_rank": 32.619502868068835, "avg_best_candidate_rank": 10.738049713193117, "recall": {"@5": 0.4713193116634799, "@10": 0.6166347992351816, "@15": 0.6864244741873805, "@20": 0.737093690248566, "@25": 0.7753346080305927, "@30": 0.7925430210325047, "@35": 0.8145315487571702, "@40": 0.8298279158699808, "@45": 0.8422562141491395, "@50": 0.861376673040153}, "mrr": 0.3726203237557923, "ndcg": 0.5458732547755203}, "CodeSearchNet": {"avg_candidate_rank": 1328.1023629148629, "avg_best_candidate_rank": 1279.2449776785713, "recall": {"@5": 0.25757575757575757, "@10": 0.3185425685425685, "@15": 0.35353535353535354, "@20": 0.38198953823953824, "@25": 0.4061147186147186, "@30": 0.42491883116883117, "@35": 0.4411525974025974, "@40": 0.45450036075036077, "@45": 0.466765873015873, "@50": 0.4788059163059163}, "mrr": 0.1996665337854418, "ndcg": 0.316820143964631}}