{"CoNaLa": {"avg_candidate_rank": 5.83, "avg_best_candidate_rank": 4.35068493150685, "recall": {"@5": 0.726, "@10": 0.854, "@15": 0.896, "@20": 0.93, "@25": 0.942, "@30": 0.956, "@35": 0.962, "@40": 0.968, "@45": 0.978, "@50": 0.982}, "mrr": 0.5966964935271823, "ndcg": 0.6962438341659525}, "External Knowledge": {"avg_candidate_rank": 4.300480769230769, "avg_best_candidate_rank": 3.0547945205479454, "recall": {"@5": 0.9110576923076923, "@10": 0.9447115384615384, "@15": 0.9567307692307693, "@20": 0.9663461538461539, "@25": 0.96875, "@30": 0.9735576923076923, "@35": 0.9759615384615384, "@40": 0.9759615384615384, "@45": 0.9807692307692307, "@50": 0.9831730769230769}, "mrr": 0.8383568970854387, "ndcg": 0.8758272666170918}, "Web Query": {"avg_candidate_rank": 17.45411089866157, "avg_best_candidate_rank": 8.439770554493307, "recall": {"@5": 0.6061185468451242, "@10": 0.7409177820267686, "@15": 0.7973231357552581, "@20": 0.8336520076481836, "@25": 0.864244741873805, "@30": 0.8833652007648184, "@35": 0.9005736137667304, "@40": 0.9168260038240917, "@45": 0.9225621414913958, "@50": 0.9282982791586998}, "mrr": 0.49887331464922047, "ndcg": 0.6491539920147597}}