{"CoNaLa": {"avg_candidate_rank": 5.112, "avg_best_candidate_rank": 3.824657534246575, "recall": {"@5": 0.73, "@10": 0.846, "@15": 0.908, "@20": 0.942, "@25": 0.954, "@30": 0.972, "@35": 0.982, "@40": 0.986, "@45": 0.99, "@50": 0.992}, "mrr": 0.6183198659635697, "ndcg": 0.714092129531351}, "External Knowledge": {"avg_candidate_rank": 7.6298076923076925, "avg_best_candidate_rank": 6.49041095890411, "recall": {"@5": 0.7668269230769231, "@10": 0.8485576923076923, "@15": 0.8798076923076923, "@20": 0.90625, "@25": 0.9254807692307693, "@30": 0.9399038461538461, "@35": 0.9543269230769231, "@40": 0.9591346153846154, "@45": 0.9615384615384616, "@50": 0.9711538461538461}, "mrr": 0.6834079833010238, "ndcg": 0.7530831668060813}, "Web Query": {"avg_candidate_rank": 19.563097514340345, "avg_best_candidate_rank": 10.01529636711281, "recall": {"@5": 0.5726577437858509, "@10": 0.7045889101338432, "@15": 0.7743785850860421, "@20": 0.8145315487571702, "@25": 0.8365200764818356, "@30": 0.8661567877629063, "@35": 0.875717017208413, "@40": 0.892925430210325, "@45": 0.9015296367112811, "@50": 0.9091778202676865}, "mrr": 0.467957168688324, "ndcg": 0.622170953461561}, "CodeSearchNet": {"avg_candidate_rank": 428.0795003607504, "avg_best_candidate_rank": 407.6839192708333, "recall": {"@5": 0.3805916305916306, "@10": 0.4547258297258297, "@15": 0.4993235930735931, "@20": 0.5304383116883117, "@25": 0.5526695526695526, "@30": 0.5723304473304474, "@35": 0.5886093073593074, "@40": 0.6032647907647908, "@45": 0.6156655844155844, "@50": 0.6272095959595959}, "mrr": 0.29891521443363017, "ndcg": 0.4140753148914625}}