{"CoNaLa": {"avg_candidate_rank": 36.106, "avg_best_candidate_rank": 29.852054794520548, "recall": {"@5": 0.32, "@10": 0.442, "@15": 0.506, "@20": 0.56, "@25": 0.618, "@30": 0.652, "@35": 0.68, "@40": 0.718, "@45": 0.728, "@50": 0.756}, "mrr": 0.2568960857028595, "ndcg": 0.40611734549662126}, "External Knowledge": {"avg_candidate_rank": 22.026442307692307, "avg_best_candidate_rank": 20.52054794520548, "recall": {"@5": 0.6033653846153846, "@10": 0.6826923076923077, "@15": 0.7259615384615384, "@20": 0.7716346153846154, "@25": 0.7884615384615384, "@30": 0.8125, "@35": 0.8317307692307693, "@40": 0.8485576923076923, "@45": 0.8701923076923077, "@50": 0.8725961538461539}, "mrr": 0.48891458260083626, "ndcg": 0.5930177324865524}, "Web Query": {"avg_candidate_rank": 61.249521988527725, "avg_best_candidate_rank": 28.61376673040153, "recall": {"@5": 0.23518164435946462, "@10": 0.3403441682600382, "@15": 0.4273422562141491, "@20": 0.4894837476099426, "@25": 0.5315487571701721, "@30": 0.5745697896749522, "@35": 0.6108986615678776, "@40": 0.6472275334608031, "@45": 0.6730401529636711, "@50": 0.6998087954110899}, "mrr": 0.1953799951485022, "ndcg": 0.38758847844032407}}