{"CoNaLa": {"avg_candidate_rank": 6.256, "avg_best_candidate_rank": 4.901369863013699, "recall": {"@5": 0.67, "@10": 0.81, "@15": 0.872, "@20": 0.91, "@25": 0.942, "@30": 0.958, "@35": 0.968, "@40": 0.978, "@45": 0.982, "@50": 0.984}, "mrr": 0.560546060541116, "ndcg": 0.6668786692453732}, "External Knowledge": {"avg_candidate_rank": 8.221153846153847, "avg_best_candidate_rank": 6.931506849315069, "recall": {"@5": 0.7836538461538461, "@10": 0.8725961538461539, "@15": 0.8942307692307693, "@20": 0.9206730769230769, "@25": 0.9375, "@30": 0.9519230769230769, "@35": 0.9519230769230769, "@40": 0.9567307692307693, "@45": 0.9615384615384616, "@50": 0.9639423076923077}, "mrr": 0.6966180640141479, "ndcg": 0.7638694538966088}, "Web Query": {"avg_candidate_rank": 16.22562141491396, "avg_best_candidate_rank": 7.139579349904397, "recall": {"@5": 0.5554493307839388, "@10": 0.7160611854684512, "@15": 0.7839388145315488, "@20": 0.8279158699808795, "@25": 0.8556405353728489, "@30": 0.875717017208413, "@35": 0.8919694072657743, "@40": 0.904397705544933, "@45": 0.9101338432122371, "@50": 0.9216061185468452}, "mrr": 0.44991174322546446, "ndcg": 0.6113308938040528}, "CodeSearchNet": {"avg_candidate_rank": 353.10285894660893, "avg_best_candidate_rank": 332.5016276041667, "recall": {"@5": 0.4217171717171717, "@10": 0.5018488455988456, "@15": 0.5473484848484849, "@20": 0.580312049062049, "@25": 0.6037608225108225, "@30": 0.6224747474747475, "@35": 0.6392045454545454, "@40": 0.6532287157287158, "@45": 0.6643217893217893, "@50": 0.675414862914863}, "mrr": 0.3317343762319395, "ndcg": 0.4454180698590657}}