{"CoNaLa": {"avg_candidate_rank": 13.316, "avg_best_candidate_rank": 7.073972602739726, "recall": {"@5": 0.646, "@10": 0.792, "@15": 0.84, "@20": 0.872, "@25": 0.886, "@30": 0.902, "@35": 0.922, "@40": 0.936, "@45": 0.944, "@50": 0.95}, "mrr": 0.540876571894393, "ndcg": 0.6513486990493306}, "External Knowledge": {"avg_candidate_rank": 9.382211538461538, "avg_best_candidate_rank": 8.917808219178083, "recall": {"@5": 0.7427884615384616, "@10": 0.8221153846153846, "@15": 0.8557692307692307, "@20": 0.8774038461538461, "@25": 0.8942307692307693, "@30": 0.9206730769230769, "@35": 0.9254807692307693, "@40": 0.9350961538461539, "@45": 0.9399038461538461, "@50": 0.9471153846153846}, "mrr": 0.67188574868608, "ndcg": 0.7413780625667644}, "Web Query": {"avg_candidate_rank": 20.290630975143404, "avg_best_candidate_rank": 8.619502868068833, "recall": {"@5": 0.5248565965583174, "@10": 0.6720841300191205, "@15": 0.7361376673040153, "@20": 0.7896749521988528, "@25": 0.8173996175908221, "@30": 0.8518164435946463, "@35": 0.8652007648183556, "@40": 0.8824091778202677, "@45": 0.8919694072657743, "@50": 0.8957934990439771}, "mrr": 0.4248718490254532, "ndcg": 0.5900335436705411}, "CodeSearchNet": {"avg_candidate_rank": 673.9347041847042, "avg_best_candidate_rank": 643.446056547619, "recall": {"@5": 0.3287337662337662, "@10": 0.40092893217893216, "@15": 0.44372294372294374, "@20": 0.4724025974025974, "@25": 0.4954004329004329, "@30": 0.5170003607503607, "@35": 0.5335046897546898, "@40": 0.5490169552669553, "@45": 0.5617784992784993, "@50": 0.5735930735930735}, "mrr": 0.2568033960586239, "ndcg": 0.37393870340713997}}