{"CoNaLa": {"avg_candidate_rank": 5.942, "avg_best_candidate_rank": 4.923287671232877, "recall": {"@5": 0.7, "@10": 0.84, "@15": 0.896, "@20": 0.91, "@25": 0.936, "@30": 0.96, "@35": 0.968, "@40": 0.976, "@45": 0.98, "@50": 0.986}, "mrr": 0.5939639459364305, "ndcg": 0.69448039422597}, "External Knowledge": {"avg_candidate_rank": 10.302884615384615, "avg_best_candidate_rank": 8.635616438356164, "recall": {"@5": 0.75, "@10": 0.8149038461538461, "@15": 0.8822115384615384, "@20": 0.8990384615384616, "@25": 0.9158653846153846, "@30": 0.9278846153846154, "@35": 0.9278846153846154, "@40": 0.9326923076923077, "@45": 0.9423076923076923, "@50": 0.9423076923076923}, "mrr": 0.6453800553960949, "ndcg": 0.7234244742585174}, "Web Query": {"avg_candidate_rank": 22.11376673040153, "avg_best_candidate_rank": 10.282982791586997, "recall": {"@5": 0.5334608030592735, "@10": 0.6806883365200764, "@15": 0.739961759082218, "@20": 0.7820267686424475, "@25": 0.8126195028680688, "@30": 0.8355640535372849, "@35": 0.8546845124282982, "@40": 0.872848948374761, "@45": 0.8833652007648184, "@50": 0.892925430210325}, "mrr": 0.425176952792908, "ndcg": 0.587454330430471}, "CodeSearchNet": {"avg_candidate_rank": 554.415404040404, "avg_best_candidate_rank": 528.0367373511905, "recall": {"@5": 0.32106782106782106, "@10": 0.38997113997113997, "@15": 0.4350198412698413, "@20": 0.4677128427128427, "@25": 0.49400252525252525, "@30": 0.5140241702741702, "@35": 0.5317911255411255, "@40": 0.54622113997114, "@45": 0.5603354978354979, "@50": 0.5716089466089466}, "mrr": 0.24596345661975247, "ndcg": 0.36578040519648813}}