{"CoNaLa": {"avg_candidate_rank": 5.798, "avg_best_candidate_rank": 4.298630136986302, "recall": {"@5": 0.704, "@10": 0.858, "@15": 0.908, "@20": 0.934, "@25": 0.956, "@30": 0.964, "@35": 0.97, "@40": 0.972, "@45": 0.98, "@50": 0.982}, "mrr": 0.5994508994078528, "ndcg": 0.697540778250313}, "External Knowledge": {"avg_candidate_rank": 3.920673076923077, "avg_best_candidate_rank": 2.627397260273973, "recall": {"@5": 0.8918269230769231, "@10": 0.9350961538461539, "@15": 0.9471153846153846, "@20": 0.9567307692307693, "@25": 0.9735576923076923, "@30": 0.9759615384615384, "@35": 0.9759615384615384, "@40": 0.9783653846153846, "@45": 0.9783653846153846, "@50": 0.9783653846153846}, "mrr": 0.8312896175811013, "ndcg": 0.8703975254789197}, "Web Query": {"avg_candidate_rank": 16.75908221797323, "avg_best_candidate_rank": 8.495219885277246, "recall": {"@5": 0.6022944550669216, "@10": 0.751434034416826, "@15": 0.8097514340344169, "@20": 0.8393881453154876, "@25": 0.864244741873805, "@30": 0.8881453154875717, "@35": 0.9072657743785851, "@40": 0.9206500956022945, "@45": 0.9311663479923518, "@50": 0.9378585086042065}, "mrr": 0.5027928485738394, "ndcg": 0.6514245812745085}}