{"CoNaLa": {"avg_candidate_rank": 8.056, "avg_best_candidate_rank": 6.115068493150685, "recall": {"@5": 0.684, "@10": 0.802, "@15": 0.858, "@20": 0.898, "@25": 0.92, "@30": 0.942, "@35": 0.95, "@40": 0.952, "@45": 0.956, "@50": 0.964}, "mrr": 0.5612169035094647, "ndcg": 0.666447698289038}, "External Knowledge": {"avg_candidate_rank": 7.617788461538462, "avg_best_candidate_rank": 7.1287671232876715, "recall": {"@5": 0.7620192307692307, "@10": 0.8533653846153846, "@15": 0.8990384615384616, "@20": 0.9182692307692307, "@25": 0.9399038461538461, "@30": 0.9399038461538461, "@35": 0.9447115384615384, "@40": 0.9495192307692307, "@45": 0.9543269230769231, "@50": 0.9591346153846154}, "mrr": 0.677718292614209, "ndcg": 0.7481191817484996}, "Web Query": {"avg_candidate_rank": 17.805927342256215, "avg_best_candidate_rank": 7.862332695984704, "recall": {"@5": 0.5783938814531548, "@10": 0.7074569789674953, "@15": 0.7695984703632888, "@20": 0.8164435946462715, "@25": 0.8422562141491395, "@30": 0.8652007648183556, "@35": 0.884321223709369, "@40": 0.9034416826003824, "@45": 0.9139579349904398, "@50": 0.9263862332695985}, "mrr": 0.4637710579685549, "ndcg": 0.6208387038736983}, "CodeSearchNet": {"avg_candidate_rank": 66.65485209235209, "avg_best_candidate_rank": 58.329566592261905, "recall": {"@5": 0.8356782106782107, "@10": 0.8712121212121212, "@15": 0.8888437950937951, "@20": 0.9008387445887446, "@25": 0.9090007215007215, "@30": 0.9145472582972582, "@35": 0.9196428571428571, "@40": 0.9236111111111112, "@45": 0.9269931457431457, "@50": 0.930239898989899}, "mrr": 0.7694166827687096, "ndcg": 0.8154847947906712}}