{"CoNaLa": {"avg_candidate_rank": 7.396, "avg_best_candidate_rank": 5.33972602739726, "recall": {"@5": 0.668, "@10": 0.8, "@15": 0.848, "@20": 0.902, "@25": 0.92, "@30": 0.94, "@35": 0.95, "@40": 0.958, "@45": 0.96, "@50": 0.966}, "mrr": 0.5565141073506938, "ndcg": 0.6647897666508766}, "External Knowledge": {"avg_candidate_rank": 8.884615384615385, "avg_best_candidate_rank": 8.284931506849315, "recall": {"@5": 0.7355769230769231, "@10": 0.8173076923076923, "@15": 0.8653846153846154, "@20": 0.8894230769230769, "@25": 0.9086538461538461, "@30": 0.9182692307692307, "@35": 0.9254807692307693, "@40": 0.9399038461538461, "@45": 0.9447115384615384, "@50": 0.9495192307692307}, "mrr": 0.6435778060191016, "ndcg": 0.7212804420783488}, "Web Query": {"avg_candidate_rank": 25.217973231357554, "avg_best_candidate_rank": 11.7131931166348, "recall": {"@5": 0.5, "@10": 0.6434034416826003, "@15": 0.7304015296367112, "@20": 0.7743785850860421, "@25": 0.8078393881453155, "@30": 0.8355640535372849, "@35": 0.8508604206500956, "@40": 0.8690248565965584, "@45": 0.8795411089866156, "@50": 0.8891013384321224}, "mrr": 0.40195285712635387, "ndcg": 0.5707260173197904}, "CodeSearchNet": {"avg_candidate_rank": 585.0596590909091, "avg_best_candidate_rank": 560.3030133928571, "recall": {"@5": 0.3106962481962482, "@10": 0.3814935064935065, "@15": 0.42410714285714285, "@20": 0.45450036075036077, "@25": 0.47754329004329005, "@30": 0.4978805916305916, "@35": 0.5151515151515151, "@40": 0.5300324675324676, "@45": 0.543335137085137, "@50": 0.5542478354978355}, "mrr": 0.23999862479976725, "ndcg": 0.35912948668177425}}