{"CoNaLa": {"avg_candidate_rank": 5.638, "avg_best_candidate_rank": 4.156164383561644, "recall": {"@5": 0.728, "@10": 0.842, "@15": 0.894, "@20": 0.93, "@25": 0.95, "@30": 0.964, "@35": 0.974, "@40": 0.984, "@45": 0.986, "@50": 0.988}, "mrr": 0.6152616049157821, "ndcg": 0.7109275830123312}, "External Knowledge": {"avg_candidate_rank": 8.598557692307692, "avg_best_candidate_rank": 7.9150684931506845, "recall": {"@5": 0.7692307692307693, "@10": 0.8605769230769231, "@15": 0.8846153846153846, "@20": 0.9014423076923077, "@25": 0.9206730769230769, "@30": 0.9278846153846154, "@35": 0.9375, "@40": 0.9447115384615384, "@45": 0.9495192307692307, "@50": 0.9567307692307693}, "mrr": 0.6877032454392379, "ndcg": 0.7556438737202046}, "Web Query": {"avg_candidate_rank": 18.548757170172085, "avg_best_candidate_rank": 9.231357552581262, "recall": {"@5": 0.5697896749521989, "@10": 0.7122370936902486, "@15": 0.7753346080305927, "@20": 0.8126195028680688, "@25": 0.844168260038241, "@30": 0.8623326959847036, "@35": 0.8814531548757171, "@40": 0.890057361376673, "@45": 0.8986615678776291, "@50": 0.9101338432122371}, "mrr": 0.4638993928005531, "ndcg": 0.6202723932369242}, "CodeSearchNet": {"avg_candidate_rank": 429.164411976912, "avg_best_candidate_rank": 406.4380580357143, "recall": {"@5": 0.37684884559884557, "@10": 0.4503066378066378, "@15": 0.494498556998557, "@20": 0.5293109668109668, "@25": 0.5542478354978355, "@30": 0.5741341991341992, "@35": 0.591314935064935, "@40": 0.6048881673881674, "@45": 0.6171085858585859, "@50": 0.628291847041847}, "mrr": 0.29677722792372574, "ndcg": 0.412328444422232}}