{"CoNaLa": {"avg_candidate_rank": 10.144, "avg_best_candidate_rank": 4.53972602739726, "recall": {"@5": 0.698, "@10": 0.83, "@15": 0.888, "@20": 0.912, "@25": 0.932, "@30": 0.948, "@35": 0.952, "@40": 0.96, "@45": 0.966, "@50": 0.97}, "mrr": 0.579353046660136, "ndcg": 0.6825597691167806}, "External Knowledge": {"avg_candidate_rank": 4.802884615384615, "avg_best_candidate_rank": 3.4712328767123286, "recall": {"@5": 0.8870192307692307, "@10": 0.9278846153846154, "@15": 0.9471153846153846, "@20": 0.9615384615384616, "@25": 0.9639423076923077, "@30": 0.9711538461538461, "@35": 0.9711538461538461, "@40": 0.9711538461538461, "@45": 0.9735576923076923, "@50": 0.9735576923076923}, "mrr": 0.8160129265870263, "ndcg": 0.8573886878689807}, "Web Query": {"avg_candidate_rank": 17.325047801147228, "avg_best_candidate_rank": 9.216061185468451, "recall": {"@5": 0.6022944550669216, "@10": 0.739961759082218, "@15": 0.8059273422562141, "@20": 0.8565965583173997, "@25": 0.875717017208413, "@30": 0.8910133843212237, "@35": 0.8986615678776291, "@40": 0.9101338432122371, "@45": 0.9130019120458891, "@50": 0.9196940726577438}, "mrr": 0.49114906081869686, "ndcg": 0.641455405204599}}