{"CoNaLa": {"avg_candidate_rank": 10.734, "avg_best_candidate_rank": 5.273972602739726, "recall": {"@5": 0.628, "@10": 0.784, "@15": 0.848, "@20": 0.87, "@25": 0.906, "@30": 0.924, "@35": 0.934, "@40": 0.946, "@45": 0.954, "@50": 0.958}, "mrr": 0.5287865888352922, "ndcg": 0.6411874409727715}, "External Knowledge": {"avg_candidate_rank": 8.072115384615385, "avg_best_candidate_rank": 7.868493150684931, "recall": {"@5": 0.7932692307692307, "@10": 0.8557692307692307, "@15": 0.8918269230769231, "@20": 0.9182692307692307, "@25": 0.9230769230769231, "@30": 0.9326923076923077, "@35": 0.9399038461538461, "@40": 0.9423076923076923, "@45": 0.9495192307692307, "@50": 0.9567307692307693}, "mrr": 0.679988142251506, "ndcg": 0.7498201050161245}, "Web Query": {"avg_candidate_rank": 17.98565965583174, "avg_best_candidate_rank": 7.72848948374761, "recall": {"@5": 0.5353728489483748, "@10": 0.6864244741873805, "@15": 0.751434034416826, "@20": 0.7973231357552581, "@25": 0.8307839388145315, "@30": 0.8546845124282982, "@35": 0.8776290630975143, "@40": 0.8938814531548758, "@45": 0.9034416826003824, "@50": 0.9120458891013384}, "mrr": 0.4420286916918767, "ndcg": 0.602938648067661}, "CodeSearchNet": {"avg_candidate_rank": 101.13843795093796, "avg_best_candidate_rank": 91.44847470238095, "recall": {"@5": 0.7643398268398268, "@10": 0.807224025974026, "@15": 0.8315746753246753, "@20": 0.8467261904761905, "@25": 0.8585407647907648, "@30": 0.8682359307359307, "@35": 0.8748196248196248, "@40": 0.8802308802308803, "@45": 0.8856421356421357, "@50": 0.889520202020202}, "mrr": 0.6902613687384216, "ndcg": 0.7494301132186104}}