{"CoNaLa": {"avg_candidate_rank": 5.128, "avg_best_candidate_rank": 3.989041095890411, "recall": {"@5": 0.73, "@10": 0.86, "@15": 0.916, "@20": 0.94, "@25": 0.964, "@30": 0.974, "@35": 0.98, "@40": 0.98, "@45": 0.988, "@50": 0.992}, "mrr": 0.6073030865700905, "ndcg": 0.7059654542225784}, "External Knowledge": {"avg_candidate_rank": 7.759615384615385, "avg_best_candidate_rank": 6.668493150684932, "recall": {"@5": 0.7764423076923077, "@10": 0.8557692307692307, "@15": 0.8870192307692307, "@20": 0.9086538461538461, "@25": 0.9206730769230769, "@30": 0.9399038461538461, "@35": 0.9447115384615384, "@40": 0.9543269230769231, "@45": 0.9543269230769231, "@50": 0.9663461538461539}, "mrr": 0.6774106138164272, "ndcg": 0.7486507317852809}, "Web Query": {"avg_candidate_rank": 18.347992351816444, "avg_best_candidate_rank": 8.680688336520076, "recall": {"@5": 0.5497131931166348, "@10": 0.7017208413001912, "@15": 0.7810707456978967, "@20": 0.8154875717017208, "@25": 0.8365200764818356, "@30": 0.8623326959847036, "@35": 0.8804971319311663, "@40": 0.8967495219885278, "@45": 0.9091778202676865, "@50": 0.9149139579349904}, "mrr": 0.46653653678994433, "ndcg": 0.6227438382155647}, "CodeSearchNet": {"avg_candidate_rank": 441.1286976911977, "avg_best_candidate_rank": 419.7471633184524, "recall": {"@5": 0.3676497113997114, "@10": 0.4433170995670996, "@15": 0.4889520202020202, "@20": 0.5194805194805194, "@25": 0.5432449494949495, "@30": 0.5638979076479076, "@35": 0.580312049062049, "@40": 0.5948773448773449, "@45": 0.6063762626262627, "@50": 0.6181457431457431}, "mrr": 0.2875976250323537, "ndcg": 0.40416444843576277}}