{"CoNaLa": {"avg_candidate_rank": 8.186, "avg_best_candidate_rank": 5.016438356164383, "recall": {"@5": 0.68, "@10": 0.83, "@15": 0.868, "@20": 0.914, "@25": 0.934, "@30": 0.95, "@35": 0.96, "@40": 0.964, "@45": 0.964, "@50": 0.966}, "mrr": 0.5774125748939449, "ndcg": 0.6808361874485049}, "External Knowledge": {"avg_candidate_rank": 4.939903846153846, "avg_best_candidate_rank": 3.410958904109589, "recall": {"@5": 0.8822115384615384, "@10": 0.9302884615384616, "@15": 0.9495192307692307, "@20": 0.9615384615384616, "@25": 0.9639423076923077, "@30": 0.9663461538461539, "@35": 0.9711538461538461, "@40": 0.9735576923076923, "@45": 0.9735576923076923, "@50": 0.9783653846153846}, "mrr": 0.8110421379546627, "ndcg": 0.8537749827525618}, "Web Query": {"avg_candidate_rank": 17.369024856596557, "avg_best_candidate_rank": 9.227533460803059, "recall": {"@5": 0.607074569789675, "@10": 0.7466539196940727, "@15": 0.8087954110898662, "@20": 0.8432122370936902, "@25": 0.8709369024856597, "@30": 0.8862332695984704, "@35": 0.9034416826003824, "@40": 0.9187380497131931, "@45": 0.9273422562141491, "@50": 0.9282982791586998}, "mrr": 0.4976807816216266, "ndcg": 0.6476806344196135}}