{"CoNaLa": {"avg_candidate_rank": 7.146, "avg_best_candidate_rank": 5.1068493150684935, "recall": {"@5": 0.726, "@10": 0.836, "@15": 0.892, "@20": 0.924, "@25": 0.944, "@30": 0.95, "@35": 0.958, "@40": 0.968, "@45": 0.968, "@50": 0.97}, "mrr": 0.6018565070020881, "ndcg": 0.6985270041442077}, "External Knowledge": {"avg_candidate_rank": 3.7259615384615383, "avg_best_candidate_rank": 2.6136986301369864, "recall": {"@5": 0.9206730769230769, "@10": 0.9543269230769231, "@15": 0.9663461538461539, "@20": 0.9759615384615384, "@25": 0.9759615384615384, "@30": 0.9783653846153846, "@35": 0.9807692307692307, "@40": 0.9831730769230769, "@45": 0.9831730769230769, "@50": 0.9831730769230769}, "mrr": 0.858971021981258, "ndcg": 0.8919513957742728}, "Web Query": {"avg_candidate_rank": 19.456022944550668, "avg_best_candidate_rank": 9.41491395793499, "recall": {"@5": 0.5927342256214149, "@10": 0.7304015296367112, "@15": 0.8021032504780115, "@20": 0.844168260038241, "@25": 0.8680688336520076, "@30": 0.8804971319311663, "@35": 0.8967495219885278, "@40": 0.9024856596558317, "@45": 0.9120458891013384, "@50": 0.9158699808795411}, "mrr": 0.4916533725852995, "ndcg": 0.6421671022837686}}