{"CoNaLa": {"avg_candidate_rank": 11.304, "avg_best_candidate_rank": 5.454794520547945, "recall": {"@5": 0.708, "@10": 0.812, "@15": 0.872, "@20": 0.894, "@25": 0.914, "@30": 0.934, "@35": 0.944, "@40": 0.956, "@45": 0.96, "@50": 0.96}, "mrr": 0.579287015727136, "ndcg": 0.681645003217493}, "External Knowledge": {"avg_candidate_rank": 6.913461538461538, "avg_best_candidate_rank": 6.435616438356164, "recall": {"@5": 0.8197115384615384, "@10": 0.8894230769230769, "@15": 0.9278846153846154, "@20": 0.9399038461538461, "@25": 0.9519230769230769, "@30": 0.9615384615384616, "@35": 0.9639423076923077, "@40": 0.96875, "@45": 0.96875, "@50": 0.9711538461538461}, "mrr": 0.7356782324262987, "ndcg": 0.7937814871698085}, "Web Query": {"avg_candidate_rank": 18.78967495219885, "avg_best_candidate_rank": 7.835564053537285, "recall": {"@5": 0.5411089866156787, "@10": 0.6845124282982792, "@15": 0.754302103250478, "@20": 0.8068833652007649, "@25": 0.8288718929254302, "@30": 0.8499043977055449, "@35": 0.872848948374761, "@40": 0.887189292543021, "@45": 0.9005736137667304, "@50": 0.9082217973231358}, "mrr": 0.44627550966101076, "ndcg": 0.6055254597863252}, "CodeSearchNet": {"avg_candidate_rank": 379.60001803751805, "avg_best_candidate_rank": 356.2577194940476, "recall": {"@5": 0.431773088023088, "@10": 0.5087031024531025, "@15": 0.5543831168831169, "@20": 0.584731240981241, "@25": 0.6083603896103896, "@30": 0.6291035353535354, "@35": 0.6437590187590188, "@40": 0.6585497835497836, "@45": 0.6692821067821068, "@50": 0.6796536796536796}, "mrr": 0.34421757771824407, "ndcg": 0.45540892453763554}}