{"CoNaLa": {"avg_candidate_rank": 11.352, "avg_best_candidate_rank": 5.542465753424658, "recall": {"@5": 0.662, "@10": 0.824, "@15": 0.872, "@20": 0.906, "@25": 0.93, "@30": 0.94, "@35": 0.948, "@40": 0.956, "@45": 0.958, "@50": 0.96}, "mrr": 0.5517186494224837, "ndcg": 0.6598095308020424}, "External Knowledge": {"avg_candidate_rank": 6.024038461538462, "avg_best_candidate_rank": 4.536986301369863, "recall": {"@5": 0.8677884615384616, "@10": 0.9206730769230769, "@15": 0.9350961538461539, "@20": 0.9543269230769231, "@25": 0.9639423076923077, "@30": 0.9663461538461539, "@35": 0.9711538461538461, "@40": 0.9711538461538461, "@45": 0.9735576923076923, "@50": 0.9735576923076923}, "mrr": 0.7816365467467808, "ndcg": 0.8307668252855125}, "Web Query": {"avg_candidate_rank": 17.59751434034417, "avg_best_candidate_rank": 9.720841300191205, "recall": {"@5": 0.5812619502868069, "@10": 0.7323135755258127, "@15": 0.8049713193116634, "@20": 0.847036328871893, "@25": 0.8766730401529637, "@30": 0.8919694072657743, "@35": 0.9015296367112811, "@40": 0.9149139579349904, "@45": 0.9225621414913958, "@50": 0.9292543021032504}, "mrr": 0.4826785977587636, "ndcg": 0.6349663221212264}}