{"CoNaLa": {"avg_candidate_rank": 7.614, "avg_best_candidate_rank": 5.632876712328767, "recall": {"@5": 0.684, "@10": 0.806, "@15": 0.862, "@20": 0.894, "@25": 0.914, "@30": 0.936, "@35": 0.956, "@40": 0.962, "@45": 0.966, "@50": 0.97}, "mrr": 0.5331869665977256, "ndcg": 0.6454433120643351}, "External Knowledge": {"avg_candidate_rank": 6.927884615384615, "avg_best_candidate_rank": 6.449315068493151, "recall": {"@5": 0.7524038461538461, "@10": 0.8389423076923077, "@15": 0.8870192307692307, "@20": 0.9182692307692307, "@25": 0.9326923076923077, "@30": 0.9447115384615384, "@35": 0.9519230769230769, "@40": 0.9591346153846154, "@45": 0.9591346153846154, "@50": 0.9615384615384616}, "mrr": 0.6683994037543396, "ndcg": 0.7417228634201902}, "Web Query": {"avg_candidate_rank": 20.379541108986615, "avg_best_candidate_rank": 10.04397705544933, "recall": {"@5": 0.5449330783938815, "@10": 0.7055449330783938, "@15": 0.7734225621414914, "@20": 0.8135755258126195, "@25": 0.8403441682600382, "@30": 0.8661567877629063, "@35": 0.8862332695984704, "@40": 0.8967495219885278, "@45": 0.9015296367112811, "@50": 0.9053537284894837}, "mrr": 0.45340362341904156, "ndcg": 0.6118033115794266}, "CodeSearchNet": {"avg_candidate_rank": 386.2169462481962, "avg_best_candidate_rank": 362.71856398809524, "recall": {"@5": 0.4211760461760462, "@10": 0.4963023088023088, "@15": 0.5396374458874459, "@20": 0.5707070707070707, "@25": 0.5933892496392497, "@30": 0.6117424242424242, "@35": 0.6269390331890332, "@40": 0.6404671717171717, "@45": 0.6529130591630592, "@50": 0.6631493506493507}, "mrr": 0.332888676754454, "ndcg": 0.4447061341403533}}