{"CoNaLa": {"avg_candidate_rank": 154.88, "avg_best_candidate_rank": 143.01643835616437, "recall": {"@5": 0.08, "@10": 0.096, "@15": 0.146, "@20": 0.172, "@25": 0.2, "@30": 0.236, "@35": 0.246, "@40": 0.264, "@45": 0.278, "@50": 0.298}, "mrr": 0.06194382343153032, "ndcg": 0.2075861963627755}, "External Knowledge": {"avg_candidate_rank": 78.14903846153847, "avg_best_candidate_rank": 70.68493150684931, "recall": {"@5": 0.18509615384615385, "@10": 0.27884615384615385, "@15": 0.34134615384615385, "@20": 0.3798076923076923, "@25": 0.39663461538461536, "@30": 0.42788461538461536, "@35": 0.4519230769230769, "@40": 0.4735576923076923, "@45": 0.4951923076923077, "@50": 0.5336538461538461}, "mrr": 0.1620681439752925, "ndcg": 0.30547106299770227}, "Web Query": {"avg_candidate_rank": 359.93499043977056, "avg_best_candidate_rank": 229.63097514340345, "recall": {"@5": 0.009560229445506692, "@10": 0.022944550669216062, "@15": 0.04110898661567878, "@20": 0.04875717017208413, "@25": 0.06787762906309751, "@30": 0.08126195028680688, "@35": 0.09751434034416825, "@40": 0.1089866156787763, "@45": 0.11759082217973231, "@50": 0.121414913957935}, "mrr": 0.015126982176536906, "ndcg": 0.1677149561628054}, "CodeSearchNet": {"avg_candidate_rank": 10239.542568542569, "avg_best_candidate_rank": 10153.290969122023, "recall": {"@5": 0.00716991341991342, "@10": 0.009244227994227994, "@15": 0.011138167388167388, "@20": 0.012581168831168832, "@25": 0.013753607503607504, "@30": 0.01461038961038961, "@35": 0.015737734487734488, "@40": 0.016639610389610388, "@45": 0.017406204906204908, "@50": 0.018488455988455988}, "mrr": 0.006669593378688323, "ndcg": 0.08779986718351108}}