{"CoNaLa": {"avg_candidate_rank": 11.206, "avg_best_candidate_rank": 5.945205479452055, "recall": {"@5": 0.68, "@10": 0.812, "@15": 0.864, "@20": 0.896, "@25": 0.922, "@30": 0.932, "@35": 0.938, "@40": 0.95, "@45": 0.956, "@50": 0.958}, "mrr": 0.5775822839929466, "ndcg": 0.6805676962623495}, "External Knowledge": {"avg_candidate_rank": 6.141826923076923, "avg_best_candidate_rank": 4.638356164383562, "recall": {"@5": 0.875, "@10": 0.9206730769230769, "@15": 0.9471153846153846, "@20": 0.9639423076923077, "@25": 0.96875, "@30": 0.9711538461538461, "@35": 0.9711538461538461, "@40": 0.9735576923076923, "@45": 0.9735576923076923, "@50": 0.9759615384615384}, "mrr": 0.789486803388949, "ndcg": 0.8371158616717445}, "Web Query": {"avg_candidate_rank": 16.25717017208413, "avg_best_candidate_rank": 8.080305927342256, "recall": {"@5": 0.5908221797323135, "@10": 0.7351816443594646, "@15": 0.8001912045889101, "@20": 0.8365200764818356, "@25": 0.8565965583173997, "@30": 0.8776290630975143, "@35": 0.8996175908221797, "@40": 0.9120458891013384, "@45": 0.9196940726577438, "@50": 0.9292543021032504}, "mrr": 0.48071655861737994, "ndcg": 0.6357499740707486}}