{"CoNaLa": {"avg_candidate_rank": 7.254, "avg_best_candidate_rank": 5.454794520547945, "recall": {"@5": 0.684, "@10": 0.812, "@15": 0.868, "@20": 0.898, "@25": 0.932, "@30": 0.944, "@35": 0.952, "@40": 0.966, "@45": 0.972, "@50": 0.976}, "mrr": 0.5504047108248413, "ndcg": 0.6586717627716253}, "External Knowledge": {"avg_candidate_rank": 7.043269230769231, "avg_best_candidate_rank": 6.67945205479452, "recall": {"@5": 0.7956730769230769, "@10": 0.8629807692307693, "@15": 0.8894230769230769, "@20": 0.9086538461538461, "@25": 0.9278846153846154, "@30": 0.9375, "@35": 0.9375, "@40": 0.9471153846153846, "@45": 0.9543269230769231, "@50": 0.9591346153846154}, "mrr": 0.7096988841576588, "ndcg": 0.7730776102648579}, "Web Query": {"avg_candidate_rank": 16.761950286806883, "avg_best_candidate_rank": 7.835564053537285, "recall": {"@5": 0.5669216061185468, "@10": 0.7131931166347992, "@15": 0.7782026768642447, "@20": 0.8250478011472275, "@25": 0.8604206500956023, "@30": 0.8814531548757171, "@35": 0.8948374760994264, "@40": 0.9034416826003824, "@45": 0.9139579349904398, "@50": 0.9206500956022945}, "mrr": 0.45715435703424284, "ndcg": 0.6137528786967587}, "CodeSearchNet": {"avg_candidate_rank": 65.76582792207792, "avg_best_candidate_rank": 56.908714657738095, "recall": {"@5": 0.8294101731601732, "@10": 0.865530303030303, "@15": 0.8830266955266955, "@20": 0.8946158008658008, "@25": 0.902507215007215, "@30": 0.9095869408369408, "@35": 0.9153138528138528, "@40": 0.9195977633477633, "@45": 0.9231150793650794, "@50": 0.9260010822510822}, "mrr": 0.7629282537898872, "ndcg": 0.810024342279277}}