{"CoNaLa": {"avg_candidate_rank": 5.306, "avg_best_candidate_rank": 4.005479452054795, "recall": {"@5": 0.726, "@10": 0.862, "@15": 0.912, "@20": 0.938, "@25": 0.954, "@30": 0.966, "@35": 0.976, "@40": 0.98, "@45": 0.986, "@50": 0.988}, "mrr": 0.6221698295102617, "ndcg": 0.7156552623438704}, "External Knowledge": {"avg_candidate_rank": 7.2860576923076925, "avg_best_candidate_rank": 6.257534246575342, "recall": {"@5": 0.7860576923076923, "@10": 0.8725961538461539, "@15": 0.9014423076923077, "@20": 0.9206730769230769, "@25": 0.9326923076923077, "@30": 0.9471153846153846, "@35": 0.9591346153846154, "@40": 0.9639423076923077, "@45": 0.9639423076923077, "@50": 0.9663461538461539}, "mrr": 0.698026650705674, "ndcg": 0.7653063853471391}, "Web Query": {"avg_candidate_rank": 18.52581261950287, "avg_best_candidate_rank": 9.374760994263863, "recall": {"@5": 0.5774378585086042, "@10": 0.719885277246654, "@15": 0.777246653919694, "@20": 0.8240917782026769, "@25": 0.8489483747609943, "@30": 0.8709369024856597, "@35": 0.8881453154875717, "@40": 0.8996175908221797, "@45": 0.9053537284894837, "@50": 0.9130019120458891}, "mrr": 0.47326759433359156, "ndcg": 0.6262466993456857}, "CodeSearchNet": {"avg_candidate_rank": 415.72862554112555, "avg_best_candidate_rank": 395.4769810267857, "recall": {"@5": 0.3783820346320346, "@10": 0.4529671717171717, "@15": 0.5008567821067821, "@20": 0.530799062049062, "@25": 0.5538419913419913, "@30": 0.5741792929292929, "@35": 0.5906385281385281, "@40": 0.6066017316017316, "@45": 0.6185515873015873, "@50": 0.6300955988455988}, "mrr": 0.2982290680429228, "ndcg": 0.41384085960691036}}