{"CoNaLa": {"avg_candidate_rank": 9.682, "avg_best_candidate_rank": 7.082191780821918, "recall": {"@5": 0.626, "@10": 0.778, "@15": 0.834, "@20": 0.882, "@25": 0.914, "@30": 0.926, "@35": 0.934, "@40": 0.942, "@45": 0.948, "@50": 0.952}, "mrr": 0.507503705193999, "ndcg": 0.6227679329712614}, "External Knowledge": {"avg_candidate_rank": 8.88701923076923, "avg_best_candidate_rank": 8.523287671232877, "recall": {"@5": 0.7475961538461539, "@10": 0.8509615384615384, "@15": 0.875, "@20": 0.8966346153846154, "@25": 0.9158653846153846, "@30": 0.9278846153846154, "@35": 0.9350961538461539, "@40": 0.9423076923076923, "@45": 0.9519230769230769, "@50": 0.9591346153846154}, "mrr": 0.664912032514639, "ndcg": 0.7368018822062844}, "Web Query": {"avg_candidate_rank": 20.434034416826005, "avg_best_candidate_rank": 8.695984703632886, "recall": {"@5": 0.5162523900573613, "@10": 0.6615678776290631, "@15": 0.7332695984703633, "@20": 0.7877629063097514, "@25": 0.8231357552581262, "@30": 0.8479923518164436, "@35": 0.8671128107074569, "@40": 0.8766730401529637, "@45": 0.8996175908221797, "@50": 0.9110898661567878}, "mrr": 0.4273439455891498, "ndcg": 0.5904295014015687}, "CodeSearchNet": {"avg_candidate_rank": 70.1635101010101, "avg_best_candidate_rank": 61.61528087797619, "recall": {"@5": 0.8351821789321789, "@10": 0.8716630591630592, "@15": 0.8883026695526696, "@20": 0.8998917748917749, "@25": 0.9072420634920635, "@30": 0.9134199134199135, "@35": 0.9191468253968254, "@40": 0.9235660173160173, "@45": 0.9264520202020202, "@50": 0.9291576479076479}, "mrr": 0.7712871817669903, "ndcg": 0.8166362637965437}}