{"CoNaLa": {"avg_candidate_rank": 11.424, "avg_best_candidate_rank": 6.063013698630137, "recall": {"@5": 0.71, "@10": 0.83, "@15": 0.886, "@20": 0.908, "@25": 0.932, "@30": 0.944, "@35": 0.95, "@40": 0.956, "@45": 0.96, "@50": 0.962}, "mrr": 0.6055647784086513, "ndcg": 0.7034587927731807}, "External Knowledge": {"avg_candidate_rank": 8.692307692307692, "avg_best_candidate_rank": 7.301369863013699, "recall": {"@5": 0.7692307692307693, "@10": 0.8485576923076923, "@15": 0.8774038461538461, "@20": 0.9014423076923077, "@25": 0.9206730769230769, "@30": 0.9278846153846154, "@35": 0.9423076923076923, "@40": 0.9495192307692307, "@45": 0.9519230769230769, "@50": 0.9567307692307693}, "mrr": 0.6634064428283841, "ndcg": 0.7374105113889509}, "Web Query": {"avg_candidate_rank": 24.877629063097515, "avg_best_candidate_rank": 9.2868068833652, "recall": {"@5": 0.5066921606118547, "@10": 0.6663479923518164, "@15": 0.739961759082218, "@20": 0.780114722753346, "@25": 0.8202676864244742, "@30": 0.8413001912045889, "@35": 0.8546845124282982, "@40": 0.8671128107074569, "@45": 0.8824091778202677, "@50": 0.8910133843212237}, "mrr": 0.4205816029775782, "ndcg": 0.5845187719035797}, "CodeSearchNet": {"avg_candidate_rank": 739.0546536796537, "avg_best_candidate_rank": 708.8702566964286, "recall": {"@5": 0.29955808080808083, "@10": 0.36967893217893216, "@15": 0.408234126984127, "@20": 0.4396194083694084, "@25": 0.46712662337662336, "@30": 0.4878697691197691, "@35": 0.5053210678210678, "@40": 0.5212842712842712, "@45": 0.5357593795093795, "@50": 0.5461760461760462}, "mrr": 0.23239007672893, "ndcg": 0.35172745050745036}}