{"CoNaLa": {"avg_candidate_rank": 13.646, "avg_best_candidate_rank": 8.263013698630138, "recall": {"@5": 0.61, "@10": 0.738, "@15": 0.784, "@20": 0.836, "@25": 0.874, "@30": 0.896, "@35": 0.91, "@40": 0.92, "@45": 0.932, "@50": 0.938}, "mrr": 0.4862148790630067, "ndcg": 0.6084520141819126}, "External Knowledge": {"avg_candidate_rank": 14.533653846153847, "avg_best_candidate_rank": 14.827397260273973, "recall": {"@5": 0.6586538461538461, "@10": 0.7716346153846154, "@15": 0.8125, "@20": 0.8629807692307693, "@25": 0.8870192307692307, "@30": 0.90625, "@35": 0.9182692307692307, "@40": 0.9278846153846154, "@45": 0.9350961538461539, "@50": 0.9350961538461539}, "mrr": 0.5677459000410472, "ndcg": 0.658125882600694}, "Web Query": {"avg_candidate_rank": 23.910133843212236, "avg_best_candidate_rank": 9.697896749521988, "recall": {"@5": 0.48565965583174, "@10": 0.6281070745697896, "@15": 0.6988527724665392, "@20": 0.760038240917782, "@25": 0.8068833652007649, "@30": 0.8355640535372849, "@35": 0.8604206500956023, "@40": 0.8738049713193117, "@45": 0.8824091778202677, "@50": 0.8862332695984704}, "mrr": 0.3938541259402973, "ndcg": 0.5650127605253323}, "CodeSearchNet": {"avg_candidate_rank": 714.0506854256854, "avg_best_candidate_rank": 684.3366350446429, "recall": {"@5": 0.28923160173160173, "@10": 0.3584054834054834, "@15": 0.39903499278499277, "@20": 0.42983405483405485, "@25": 0.4531926406926407, "@30": 0.4719967532467532, "@35": 0.48976370851370854, "@40": 0.5047348484848485, "@45": 0.5179924242424242, "@50": 0.5308441558441559}, "mrr": 0.22329606733105584, "ndcg": 0.3429059042867009}}