{"CoNaLa": {"avg_candidate_rank": 9.782, "avg_best_candidate_rank": 7.161643835616438, "recall": {"@5": 0.628, "@10": 0.778, "@15": 0.828, "@20": 0.882, "@25": 0.91, "@30": 0.926, "@35": 0.932, "@40": 0.942, "@45": 0.948, "@50": 0.952}, "mrr": 0.5051555266930894, "ndcg": 0.6210812327720278}, "External Knowledge": {"avg_candidate_rank": 8.98076923076923, "avg_best_candidate_rank": 8.66027397260274, "recall": {"@5": 0.7403846153846154, "@10": 0.8413461538461539, "@15": 0.875, "@20": 0.8966346153846154, "@25": 0.9182692307692307, "@30": 0.9278846153846154, "@35": 0.9350961538461539, "@40": 0.9423076923076923, "@45": 0.9519230769230769, "@50": 0.9567307692307693}, "mrr": 0.6612116112543143, "ndcg": 0.733928557677991}, "Web Query": {"avg_candidate_rank": 20.62906309751434, "avg_best_candidate_rank": 8.80114722753346, "recall": {"@5": 0.5162523900573613, "@10": 0.6586998087954111, "@15": 0.7294455066921606, "@20": 0.7877629063097514, "@25": 0.8212237093690249, "@30": 0.8479923518164436, "@35": 0.864244741873805, "@40": 0.875717017208413, "@45": 0.9005736137667304, "@50": 0.9072657743785851}, "mrr": 0.4255751484507822, "ndcg": 0.5887078612116317}, "CodeSearchNet": {"avg_candidate_rank": 70.4651875901876, "avg_best_candidate_rank": 61.92857142857143, "recall": {"@5": 0.8356782106782107, "@10": 0.8720689033189033, "@15": 0.8881673881673882, "@20": 0.8996212121212122, "@25": 0.9070616883116883, "@30": 0.9133297258297258, "@35": 0.9188762626262627, "@40": 0.923205266955267, "@45": 0.9266774891774892, "@50": 0.9292478354978355}, "mrr": 0.7714575475742594, "ndcg": 0.8167425531145405}}