{"CoNaLa": {"avg_candidate_rank": 5.41, "avg_best_candidate_rank": 4.397260273972603, "recall": {"@5": 0.736, "@10": 0.86, "@15": 0.922, "@20": 0.934, "@25": 0.95, "@30": 0.958, "@35": 0.972, "@40": 0.974, "@45": 0.978, "@50": 0.986}, "mrr": 0.6267358438365118, "ndcg": 0.719779950978932}, "External Knowledge": {"avg_candidate_rank": 8.16826923076923, "avg_best_candidate_rank": 7.164383561643835, "recall": {"@5": 0.7668269230769231, "@10": 0.875, "@15": 0.9038461538461539, "@20": 0.9158653846153846, "@25": 0.9326923076923077, "@30": 0.9399038461538461, "@35": 0.9495192307692307, "@40": 0.9495192307692307, "@45": 0.9567307692307693, "@50": 0.9591346153846154}, "mrr": 0.6701241731256417, "ndcg": 0.7441818590372142}, "Web Query": {"avg_candidate_rank": 20.84130019120459, "avg_best_candidate_rank": 9.72657743785851, "recall": {"@5": 0.5411089866156787, "@10": 0.7036328871892925, "@15": 0.760038240917782, "@20": 0.8021032504780115, "@25": 0.8260038240917782, "@30": 0.8451242829827916, "@35": 0.8623326959847036, "@40": 0.872848948374761, "@45": 0.887189292543021, "@50": 0.8977055449330784}, "mrr": 0.43746803103309234, "ndcg": 0.5985390234249598}, "CodeSearchNet": {"avg_candidate_rank": 542.4867875180375, "avg_best_candidate_rank": 518.0306454613095, "recall": {"@5": 0.3152507215007215, "@10": 0.3873106060606061, "@15": 0.43060064935064934, "@20": 0.46442099567099565, "@25": 0.48926767676767674, "@30": 0.5106421356421357, "@35": 0.5283189033189033, "@40": 0.5431547619047619, "@45": 0.5555555555555556, "@50": 0.5670544733044733}, "mrr": 0.24494457518451782, "ndcg": 0.36441905960592597}}