{"CoNaLa": {"avg_candidate_rank": 12.464, "avg_best_candidate_rank": 5.326027397260274, "recall": {"@5": 0.68, "@10": 0.81, "@15": 0.844, "@20": 0.87, "@25": 0.91, "@30": 0.926, "@35": 0.944, "@40": 0.946, "@45": 0.95, "@50": 0.96}, "mrr": 0.588117185614357, "ndcg": 0.6881699831737692}, "External Knowledge": {"avg_candidate_rank": 6.278846153846154, "avg_best_candidate_rank": 5.802739726027397, "recall": {"@5": 0.8221153846153846, "@10": 0.8966346153846154, "@15": 0.9206730769230769, "@20": 0.9375, "@25": 0.9471153846153846, "@30": 0.9495192307692307, "@35": 0.9591346153846154, "@40": 0.9663461538461539, "@45": 0.96875, "@50": 0.9711538461538461}, "mrr": 0.7425570292647802, "ndcg": 0.799335475793596}, "Web Query": {"avg_candidate_rank": 20.318355640535373, "avg_best_candidate_rank": 8.692160611854684, "recall": {"@5": 0.5315487571701721, "@10": 0.6692160611854685, "@15": 0.7523900573613767, "@20": 0.8059273422562141, "@25": 0.8365200764818356, "@30": 0.8546845124282982, "@35": 0.8680688336520076, "@40": 0.8833652007648184, "@45": 0.8948374760994264, "@50": 0.904397705544933}, "mrr": 0.4359539277874678, "ndcg": 0.5976360379070075}, "CodeSearchNet": {"avg_candidate_rank": 409.78724747474746, "avg_best_candidate_rank": 386.72442336309524, "recall": {"@5": 0.4111652236652237, "@10": 0.48516414141414144, "@15": 0.5306186868686869, "@20": 0.5606060606060606, "@25": 0.5836940836940837, "@30": 0.60254329004329, "@35": 0.6185966810966811, "@40": 0.6323502886002886, "@45": 0.6456529581529582, "@50": 0.6557539682539683}, "mrr": 0.32692671298769665, "ndcg": 0.4390342165114542}}