{"CoNaLa": {"avg_candidate_rank": 21.002, "avg_best_candidate_rank": 19.073972602739726, "recall": {"@5": 0.558, "@10": 0.658, "@15": 0.714, "@20": 0.762, "@25": 0.796, "@30": 0.832, "@35": 0.856, "@40": 0.876, "@45": 0.884, "@50": 0.892}, "mrr": 0.458838387439829, "ndcg": 0.5763783333936204}, "External Knowledge": {"avg_candidate_rank": 3.25, "avg_best_candidate_rank": 3.2054794520547945, "recall": {"@5": 0.9110576923076923, "@10": 0.9591346153846154, "@15": 0.96875, "@20": 0.9759615384615384, "@25": 0.9759615384615384, "@30": 0.9759615384615384, "@35": 0.9807692307692307, "@40": 0.9855769230769231, "@45": 0.9855769230769231, "@50": 0.9855769230769231}, "mrr": 0.8506170218145992, "ndcg": 0.8855798256896885}, "CodeSearchNet": {"avg_candidate_rank": 555.3091098386257, "avg_best_candidate_rank": 555.3230576963133, "recall": {"@5": 0.35736595523165016, "@10": 0.42982821447162933, "@15": 0.4740760020822488, "@20": 0.5067152524726705, "@25": 0.5295679333680375, "@30": 0.5500260281103592, "@35": 0.5654867256637168, "@40": 0.579229567933368, "@45": 0.5918792295679334, "@50": 0.6026028110359188}, "mrr": 0.27865944550902444, "ndcg": 0.3929521841002729}}