{"CoNaLa": {"avg_candidate_rank": 11.6, "avg_best_candidate_rank": 5.923287671232877, "recall": {"@5": 0.698, "@10": 0.828, "@15": 0.866, "@20": 0.902, "@25": 0.924, "@30": 0.932, "@35": 0.946, "@40": 0.95, "@45": 0.952, "@50": 0.958}, "mrr": 0.5932868510601405, "ndcg": 0.6942667232483469}, "External Knowledge": {"avg_candidate_rank": 11.94951923076923, "avg_best_candidate_rank": 11.501369863013698, "recall": {"@5": 0.7620192307692307, "@10": 0.8389423076923077, "@15": 0.8653846153846154, "@20": 0.8918269230769231, "@25": 0.9014423076923077, "@30": 0.9206730769230769, "@35": 0.9399038461538461, "@40": 0.9447115384615384, "@45": 0.9471153846153846, "@50": 0.9495192307692307}, "mrr": 0.6410500164664493, "ndcg": 0.7195519258812725}, "Web Query": {"avg_candidate_rank": 27.792543021032504, "avg_best_candidate_rank": 11.703632887189293, "recall": {"@5": 0.4818355640535373, "@10": 0.6376673040152964, "@15": 0.7189292543021033, "@20": 0.7590822179732314, "@25": 0.7906309751434034, "@30": 0.8164435946462715, "@35": 0.8374760994263862, "@40": 0.8546845124282982, "@45": 0.8623326959847036, "@50": 0.8680688336520076}, "mrr": 0.4057777651260916, "ndcg": 0.570402559061859}, "CodeSearchNet": {"avg_candidate_rank": 883.7808441558442, "avg_best_candidate_rank": 851.2188895089286, "recall": {"@5": 0.25225468975468973, "@10": 0.3208874458874459, "@15": 0.36160714285714285, "@20": 0.39118867243867245, "@25": 0.4155844155844156, "@30": 0.43497474747474746, "@35": 0.45156926406926406, "@40": 0.4670364357864358, "@45": 0.47943722943722944, "@50": 0.49075577200577203}, "mrr": 0.1956252529210884, "ndcg": 0.31611637472982085}}